學年別,等級別,總計計小計,總計計男,總計計女,總計1年級小計,總計1年級男,總計1年級女,總計2年級小計,總計2年級男,總計2年級女,總計3年級小計,總計3年級男,總計3年級女,總計4年級小計,總計4年級男,總計4年級女,總計5年級小計,總計5年級男,總計5年級女,總計6年級小計,總計6年級男,總計6年級女,總計7年級小計,總計7年級男,總計7年級女,總計延修生小計,總計延修生男,總計延修生女,國立計小計,國立計男,國立計女,國立1年級小計,國立1年級男,國立1年級女,國立2年級小計,國立2年級男,國立2年級女,國立3年級小計,國立3年級男,國立3年級女,國立4年級小計,國立4年級男,國立4年級女,國立5年級小計,國立5年級男,國立5年級女,國立6年級小計,國立6年級男,國立6年級女,國立7年級小計,國立7年級男,國立7年級女,國立延修生小計,國立延修生男,國立延修生女,直轄市立計小計,直轄市立計男,直轄市立計女,直轄市立1年級小計,直轄市立1年級男,直轄市立1年級女,直轄市立2年級小計,直轄市立2年級男,直轄市立2年級女,直轄市立3年級小計,直轄市立3年級男,直轄市立3年級女,直轄市立4年級小計,直轄市立4年級男,直轄市立4年級女,直轄市立5年級小計,直轄市立5年級男,直轄市立5年級女,直轄市立6年級小計,直轄市立6年級男,直轄市立6年級女,直轄市立7年級小計,直轄市立7年級男,直轄市立7年級女,直轄市立延修生小計,直轄市立延修生男,直轄市立延修生女,私立計小計,私立計男,私立計女,私立1年級小計,私立1年級男,私立1年級女,私立2年級小計,私立2年級男,私立2年級女,私立3年級小計,私立3年級男,私立3年級女,私立4年級小計,私立4年級男,私立4年級女,私立5年級小計,私立5年級男,私立5年級女,私立6年級小計,私立6年級男,私立6年級女,私立7年級小計,私立7年級男,私立7年級女,私立延修生小計,私立延修生男,私立延修生女
106學年,總計,1273894,629040,644854,313439,159309,154130,305876,154470,151406,293510,140578,152932,273470,128499,144971,27120,9605,17515,6038,3723,2315,4953,3320,1633,49488,29536,19952,430554,235115,195439,117964,65830,52134,113178,63114,50064,91794,48652,43142,80886,41653,39233,7067,3553,3514,3261,2103,1158,3173,2154,1019,13231,8056,5175,7675,3168,4507,2042,828,1214,1930,802,1128,1677,677,1000,1435,580,855,130,40,90,102,39,63,46,17,29,313,185,128,835665,390757,444908,193433,92651,100782,190768,90554,100214,200039,91249,108790,191149,86266,104883,19923,6012,13911,2675,1581,1094,1734,1149,585,35944,21295,14649
106學年,五專,84777,20469,64308,16218,3769,12449,17830,4554,13276,17773,4559,13214,15174,3387,11787,15664,3474,12190,-,-,-,-,-,-,2118,726,1392,8781,2205,6576,1710,442,1268,1719,436,1283,1817,468,1349,1719,430,1289,1665,366,1299,-,-,-,-,-,-,151,63,88,-,-,-,-,-,-,-,-,-,-,-,-,-,-,-,-,-,-,-,-,-,-,-,-,-,-,-,75996,18264,57732,14508,3327,11181,16111,4118,11993,15956,4091,11865,13455,2957,10498,13999,3108,10891,-,-,-,-,-,-,1967,663,1304
106學年,二專,6061,3216,2845,2789,1494,1295,2889,1511,1378,72,44,28,33,22,11,-,-,-,-,-,-,-,-,-,278,145,133,1047,554,493,413,254,159,562,273,289,2,2,-,-,-,-,-,-,-,-,-,-,-,-,-,70,25,45,-,-,-,-,-,-,-,-,-,-,-,-,-,-,-,-,-,-,-,-,-,-,-,-,-,-,-,5014,2662,2352,2376,1240,1136,2327,1238,1089,70,42,28,33,22,11,-,-,-,-,-,-,-,-,-,208,120,88
106學年,學士班,985927,494187,491740,223176,114211,108965,221854,112297,109557,245405,119335,126070,240075,115389,124686,5202,2277,2925,1771,1110,661,1352,903,449,47092,28665,18427,284990,153615,131375,67772,37233,30539,66596,36385,30211,68797,36289,32508,66867,34674,32193,1165,539,626,441,302,139,342,225,117,13010,7968,5042,5276,2385,2891,1290,580,710,1254,574,680,1253,548,705,1166,498,668,-,-,-,-,-,-,-,-,-,313,185,128,695661,338187,357474,154114,76398,77716,154004,75338,78666,175355,82498,92857,172042,80217,91825,4037,1738,2299,1330,808,522,1010,678,332,33769,20512,13257
106學年,碩士班,168783,92210,76573,65943,36321,29622,58379,32783,25596,25799,13701,12098,14221,7045,7176,2951,1635,1316,1402,707,695,88,18,70,-,-,-,113890,63890,50000,44007,25183,18824,40506,23409,17097,17760,9604,8156,9269,4487,4782,1655,900,755,610,291,319,83,16,67,-,-,-,2171,685,1486,721,230,491,644,210,434,388,117,271,235,66,169,105,29,76,78,33,45,-,-,-,-,-,-,52722,27635,25087,21215,10908,10307,17229,9164,8065,7651,3980,3671,4717,2492,2225,1191,706,485,714,383,331,5,2,3,-,-,-
106學年,博士班,28346,18958,9388,5313,3514,1799,4924,3325,1599,4461,2939,1522,3967,2656,1311,3303,2219,1084,2865,1906,959,3513,2399,1114,-,-,-,21846,14851,6995,4062,2718,1344,3795,2611,1184,3418,2289,1129,3031,2062,969,2582,1748,834,2210,1510,700,2748,1913,835,-,-,-,228,98,130,31,18,13,32,18,14,36,12,24,34,16,18,25,11,14,24,6,18,46,17,29,-,-,-,6272,4009,2263,1220,778,442,1097,696,401,1007,638,369,902,578,324,696,460,236,631,390,241,719,469,250,-,-,-
105學年,總計,1309441,646866,662575,329008,167145,161863,321814,162446,159368,295735,141354,154381,275413,129762,145651,28401,10084,18317,6258,3906,2352,4741,3192,1549,48071,28977,19094,430049,235024,195025,118374,66369,52005,113174,63028,50146,91282,48012,43270,80718,41665,39053,7344,3835,3509,3537,2245,1292,2977,2061,916,12643,7809,4834,7631,3165,4466,2059,859,1200,1986,793,1193,1608,646,962,1407,577,830,125,43,82,96,38,58,55,25,30,295,184,111,871761,408677,463084,208575,99917,108658,206654,98625,108029,202845,92696,110149,193288,87520,105768,20932,6206,14726,2625,1623,1002,1709,1106,603,35133,20984,14149
105學年,五專,88425,21859,66566,18335,4733,13602,18438,4844,13594,16427,3847,12580,16720,3933,12787,16525,3829,12696,-,-,-,-,-,-,1980,673,1307,9043,2288,6755,1762,453,1309,1853,487,1366,1867,483,1384,1722,382,1340,1681,418,1263,-,-,-,-,-,-,158,65,93,-,-,-,-,-,-,-,-,-,-,-,-,-,-,-,-,-,-,-,-,-,-,-,-,-,-,-,79382,19571,59811,16573,4280,12293,16585,4357,12228,14560,3364,11196,14998,3551,11447,14844,3411,11433,-,-,-,-,-,-,1822,608,1214
105學年,二專,7259,3754,3505,3648,1971,1677,3161,1520,1641,59,40,19,27,15,12,-,-,-,-,-,-,-,-,-,364,208,156,1296,575,721,626,299,327,566,227,339,7,4,3,-,-,-,-,-,-,-,-,-,-,-,-,97,45,52,-,-,-,-,-,-,-,-,-,-,-,-,-,-,-,-,-,-,-,-,-,-,-,-,-,-,-,5963,3179,2784,3022,1672,1350,2595,1293,1302,52,36,16,27,15,12,-,-,-,-,-,-,-,-,-,267,163,104
105學年,學士班,1015398,508206,507192,235412,119870,115542,236398,119685,116713,249142,120673,128469,240229,115712,124517,5547,2284,3263,1771,1144,627,1172,742,430,45727,28096,17631,284139,152852,131287,67943,37374,30569,66695,36441,30254,68532,35743,32789,66651,34582,32069,1289,591,698,446,293,153,195,129,66,12388,7699,4689,5193,2347,2846,1309,600,709,1256,556,700,1203,527,676,1130,480,650,-,-,-,-,-,-,-,-,-,295,184,111,726066,353007,373059,166160,81896,84264,168447,82688,85759,179407,84403,95004,172448,80650,91798,4258,1693,2565,1325,851,474,977,613,364,33044,20213,12831
105學年,碩士班,169538,93583,75955,66225,36920,29305,58996,33223,25773,25646,13800,11846,14504,7446,7058,2733,1535,1198,1368,650,718,66,9,57,-,-,-,113269,64023,49246,43901,25384,18517,40344,23388,16956,17457,9452,8005,9305,4642,4663,1568,883,685,629,265,364,65,9,56,-,-,-,2183,712,1471,712,237,475,690,224,466,365,102,263,250,87,163,98,35,63,68,27,41,-,-,-,-,-,-,54086,28848,25238,21612,11299,10313,17962,9611,8351,7824,4246,3578,4949,2717,2232,1067,617,450,671,358,313,1,-,1,-,-,-
105學年,博士班,28821,19464,9357,5388,3651,1737,4821,3174,1647,4461,2994,1467,3933,2656,1277,3596,2436,1160,3119,2112,1007,3503,2441,1062,-,-,-,22302,15286,7016,4142,2859,1283,3716,2485,1231,3419,2330,1089,3040,2059,981,2806,1943,863,2462,1687,775,2717,1923,794,-,-,-,255,106,149,38,22,16,40,13,27,40,17,23,27,10,17,27,8,19,28,11,17,55,25,30,-,-,-,6264,4072,2192,1208,770,438,1065,676,389,1002,647,355,866,587,279,763,485,278,629,414,215,731,493,238,-,-,-
104學年,總計,1332445,660775,671670,342993,174134,168859,324853,163972,160881,295212,141888,153324,279398,132764,146634,27591,9477,18114,5746,3685,2061,4572,3137,1435,52080,31718,20362,428315,234656,193659,117648,65877,51771,112553,62551,50002,90841,47885,42956,80351,42042,38309,7383,3779,3604,3503,2302,1201,2940,2058,882,13096,8162,4934,7573,3102,4471,2111,849,1262,2006,785,1221,1550,624,926,1367,572,795,28,11,17,22,9,13,20,10,10,469,242,227,896557,423017,473540,223234,107408,115826,210294,100636,109658,202821,93379,109442,197680,90150,107530,20180,5687,14493,2221,1374,847,1612,1069,543,38515,23314,15201
104學年,五專,89143,21760,67383,18830,4944,13886,17081,4083,12998,17850,4372,13478,17557,4247,13310,16163,3521,12642,-,-,-,-,-,-,1662,593,1069,9194,2307,6887,1885,502,1383,1901,499,1402,1858,435,1423,1724,428,1296,1708,386,1322,-,-,-,-,-,-,118,57,61,-,-,-,-,-,-,-,-,-,-,-,-,-,-,-,-,-,-,-,-,-,-,-,-,-,-,-,79949,19453,60496,16945,4442,12503,15180,3584,11596,15992,3937,12055,15833,3819,12014,14455,3135,11320,-,-,-,-,-,-,1544,536,1008
104學年,二專,8323,4230,4093,3939,2045,1894,3845,1878,1967,74,40,34,38,29,9,-,-,-,-,-,-,-,-,-,427,238,189,1533,598,935,605,237,368,791,302,489,34,18,16,-,-,-,-,-,-,-,-,-,-,-,-,103,41,62,-,-,-,-,-,-,-,-,-,-,-,-,-,-,-,-,-,-,-,-,-,-,-,-,-,-,-,6790,3632,3158,3334,1808,1526,3054,1576,1478,40,22,18,38,29,9,-,-,-,-,-,-,-,-,-,324,197,127
104學年,學士班,1035218,519902,515316,248676,126550,122126,239661,120933,118728,248720,121085,127635,243862,118510,125352,5885,2402,3483,1708,1076,632,1384,948,436,45322,28398,16924,281947,151539,130408,67605,37067,30538,65915,35514,30401,68125,35511,32614,66331,34791,31540,1404,665,739,417,292,125,330,237,93,11820,7462,4358,5082,2295,2787,1312,587,725,1227,543,684,1163,502,661,1092,482,610,-,-,-,-,-,-,-,-,-,288,181,107,748189,366068,382121,179759,88896,90863,172519,84876,87643,179432,85072,94360,176439,83237,93202,4481,1737,2744,1291,784,507,1054,711,343,33214,20755,12459
104學年,碩士班,170428,94884,75544,66227,37031,29196,59411,33787,25624,24202,13409,10793,13841,7157,6684,1801,988,813,826,411,415,23,5,18,4097,2096,2001,112726,64336,48390,43447,25276,18171,40179,23636,16543,17444,9591,7853,9027,4533,4494,1236,626,610,509,222,287,23,5,18,861,447,414,2240,710,1530,756,248,508,737,223,514,356,111,245,243,79,164,-,-,-,-,-,-,-,-,-,148,49,99,55462,29838,25624,22024,11507,10517,18495,9928,8567,6402,3707,2695,4571,2545,2026,565,362,203,317,189,128,-,-,-,3088,1600,1488
104學年,博士班,29333,19999,9334,5321,3564,1757,4855,3291,1564,4366,2982,1384,4100,2821,1279,3742,2566,1176,3212,2198,1014,3165,2184,981,572,393,179,22915,15876,7039,4106,2795,1311,3767,2600,1167,3380,2330,1050,3269,2290,979,3035,2102,933,2577,1788,789,2587,1816,771,194,155,39,251,97,154,43,14,29,42,19,23,31,11,20,32,11,21,28,11,17,22,9,13,20,10,10,33,12,21,6167,4026,2141,1172,755,417,1046,672,374,955,641,314,799,520,279,679,453,226,613,401,212,558,358,200,345,226,119
103學年,總計,1339849,666128,673721,344058,174381,169677,327291,165907,161384,301596,145838,155758,278198,132940,145258,28346,9707,18639,5993,3980,2013,4583,3098,1485,49784,30277,19507,427229,233648,193581,117284,65417,51867,112420,62584,49836,90790,48293,42497,80106,41246,38860,7668,3957,3711,3608,2402,1206,2984,2094,890,12369,7655,4714,7426,3096,4330,2147,862,1285,1894,751,1143,1533,628,905,1343,576,767,29,14,15,23,12,11,31,14,17,426,239,187,905194,429384,475810,224627,108102,116525,212977,102572,110405,209273,96917,112356,196749,91118,105631,20649,5736,14913,2362,1566,796,1568,990,578,36989,22383,14606
103學年,五專,89484,21456,68028,17201,4029,13172,18364,4587,13777,18728,4745,13983,17191,3942,13249,16246,3578,12668,-,-,-,-,-,-,1754,575,1179,9138,2214,6924,1929,515,1414,1853,438,1415,1856,468,1388,1709,392,1317,1665,336,1329,-,-,-,-,-,-,126,65,61,-,-,-,-,-,-,-,-,-,-,-,-,-,-,-,-,-,-,-,-,-,-,-,-,-,-,-,80346,19242,61104,15272,3514,11758,16511,4149,12362,16872,4277,12595,15482,3550,11932,14581,3242,11339,-,-,-,-,-,-,1628,510,1118
103學年,二專,9786,4846,4940,4731,2396,2335,4400,2077,2323,157,77,80,53,37,16,-,-,-,-,-,-,-,-,-,445,259,186,2076,828,1248,871,337,534,992,384,608,78,35,43,-,-,-,-,-,-,-,-,-,-,-,-,135,72,63,-,-,-,-,-,-,-,-,-,-,-,-,-,-,-,-,-,-,-,-,-,-,-,-,-,-,-,7710,4018,3692,3860,2059,1801,3408,1693,1715,79,42,37,53,37,16,-,-,-,-,-,-,-,-,-,310,187,123
103學年,學士班,1037062,522090,514972,250368,126883,123485,239048,121131,117917,252968,123916,129052,242416,118806,123610,6145,2341,3804,1765,1179,586,1312,855,457,43040,26979,16061,278883,149175,129708,67051,36244,30807,65383,35308,30075,67643,35636,32007,65677,33925,31752,1389,663,726,440,298,142,309,225,84,10991,6876,4115,4971,2275,2696,1293,588,705,1191,521,670,1127,499,628,1088,488,600,-,-,-,-,-,-,-,-,-,272,179,93,753208,370640,382568,182024,90051,91973,172474,85302,87172,184198,87781,96417,175651,84393,91258,4756,1678,3078,1325,881,444,1003,630,373,31777,19924,11853
103學年,碩士班,172968,96694,76274,66304,37360,28944,60696,34825,25871,25119,13894,11225,14075,7059,7016,1923,1032,891,846,443,403,19,3,16,3986,2078,1908,112986,64552,48434,43193,25382,17811,40439,23847,16592,17538,9570,7968,9109,4395,4714,1336,688,648,431,178,253,19,3,16,921,489,432,2219,717,1502,808,253,555,673,220,453,375,118,257,225,75,150,-,-,-,-,-,-,-,-,-,138,51,87,57763,31425,26338,22303,11725,10578,19584,10758,8826,7206,4206,3000,4741,2589,2152,587,344,243,415,265,150,-,-,-,2927,1538,1389
103學年,博士班,30549,21042,9507,5454,3713,1741,4783,3287,1496,4624,3206,1418,4463,3096,1367,4032,2756,1276,3382,2358,1024,3252,2240,1012,559,386,173,24146,16879,7267,4240,2939,1301,3753,2607,1146,3675,2584,1091,3611,2534,1077,3278,2270,1008,2737,1926,811,2656,1866,790,196,153,43,236,104,132,46,21,25,30,10,20,31,11,20,30,13,17,29,14,15,23,12,11,31,14,17,16,9,7,6167,4059,2108,1168,753,415,1000,670,330,918,611,307,822,549,273,725,472,253,622,420,202,565,360,205,347,224,123
102學年,總計,1345973,673876,672097,344362,175678,168684,336718,172587,164131,300572,146180,154392,276032,131736,144296,27810,9851,17959,5992,3896,2096,4580,3149,1431,49907,30799,19108,428300,234924,193376,116896,65347,51549,114068,64286,49782,90503,47415,43088,79783,41189,38594,7858,4153,3705,3584,2393,1191,3015,2147,868,12593,7994,4599,7127,2986,4141,2007,795,1212,1823,751,1072,1516,628,888,1336,562,774,69,33,36,55,27,28,34,16,18,287,174,113,910546,435966,474580,225459,109536,115923,220827,107550,113277,208553,98137,110416,194913,89985,104928,19883,5665,14218,2353,1476,877,1531,986,545,37027,22631,14396
102學年,五專,90398,21900,68498,18462,4539,13923,19346,5009,14337,18356,4392,13964,17197,3979,13218,15270,3368,11902,-,-,-,-,-,-,1767,613,1154,9039,2121,6918,1911,463,1448,1902,489,1413,1880,446,1434,1747,360,1387,1489,313,1176,-,-,-,-,-,-,110,50,60,-,-,-,-,-,-,-,-,-,-,-,-,-,-,-,-,-,-,-,-,-,-,-,-,-,-,-,81359,19779,61580,16551,4076,12475,17444,4520,12924,16476,3946,12530,15450,3619,11831,13781,3055,10726,-,-,-,-,-,-,1657,563,1094
102學年,二專,11261,5528,5733,5197,2618,2579,5195,2446,2749,266,94,172,23,16,7,-,-,-,-,-,-,-,-,-,580,354,226,2387,936,1451,1109,438,671,1061,409,652,79,28,51,-,-,-,-,-,-,-,-,-,-,-,-,138,61,77,-,-,-,-,-,-,-,-,-,-,-,-,-,-,-,-,-,-,-,-,-,-,-,-,-,-,-,8874,4592,4282,4088,2180,1908,4134,2037,2097,187,66,121,23,16,7,-,-,-,-,-,-,-,-,-,442,293,149
102學年,學士班,1035534,524160,511374,248961,126782,122179,242903,123968,118935,251526,124402,127124,239622,117226,122396,6491,2504,3987,1671,1049,622,1297,862,435,43063,27367,15696,276483,147997,128486,66119,35816,30303,64980,35356,29624,66860,34733,32127,64836,33598,31238,1755,791,964,389,269,120,340,238,102,11204,7196,4008,4834,2201,2633,1243,552,691,1133,503,630,1120,506,614,1060,468,592,-,-,-,-,-,-,-,-,-,278,172,106,754217,373962,380255,181599,90414,91185,176790,88109,88681,183546,89163,94383,173726,83160,90566,4736,1713,3023,1282,780,502,957,624,333,31581,19999,11582
102學年,碩士班,177305,100398,76907,66357,38051,28306,64287,37676,26611,25479,13841,11638,14439,7207,7232,1789,975,814,961,541,420,49,18,31,3944,2089,1855,115252,66116,49136,43530,25700,17830,42120,25188,16932,17724,9413,8311,9321,4500,4821,1126,557,569,432,199,233,49,18,31,950,541,409,2075,692,1383,729,234,495,654,233,421,365,109,256,245,76,169,45,23,22,28,15,13,-,-,-,9,2,7,59978,33590,26388,22098,12117,9981,21513,12255,9258,7390,4319,3071,4873,2631,2242,618,395,223,501,327,174,-,-,-,2985,1546,1439
102學年,博士班,31475,21890,9585,5385,3688,1697,4987,3488,1499,4945,3451,1494,4751,3308,1443,4260,3004,1256,3360,2306,1054,3234,2269,965,553,376,177,25139,17754,7385,4227,2930,1297,4005,2844,1161,3960,2795,1165,3879,2731,1148,3488,2492,996,2763,1925,838,2626,1891,735,191,146,45,218,93,125,35,9,26,36,15,21,31,13,18,31,18,13,24,10,14,27,12,15,34,16,18,-,-,-,6118,4043,2075,1123,749,374,946,629,317,954,643,311,841,559,282,748,502,246,570,369,201,574,362,212,362,230,132
101學年,總計,1355290,683446,671844,357231,184594,172637,336936,173121,163815,295798,142918,152880,271549,130187,141362,27726,9995,17731,6058,4039,2019,4421,3055,1366,55571,35537,20034,429913,236441,193472,118746,67220,51526,113341,63104,50237,89147,46438,42709,79508,41286,38222,8272,4300,3972,3721,2554,1167,2934,2100,834,14244,9439,4805,7113,2987,4126,1916,812,1104,1856,766,1090,1520,612,908,1439,577,862,48,21,27,56,20,36,40,21,19,238,158,80,918264,444018,474246,236569,116562,120007,221739,109251,112488,205131,95868,109263,190602,88324,102278,19406,5674,13732,2281,1465,816,1447,934,513,41089,25940,15149
101學年,五專,89060,21701,67359,19433,4981,14452,18904,4604,14300,18171,4338,13833,16177,3793,12384,14659,3373,11286,-,-,-,-,-,-,1716,612,1104,8851,2042,6809,1950,514,1436,1913,459,1454,1867,402,1465,1538,331,1207,1465,281,1184,-,-,-,-,-,-,118,55,63,-,-,-,-,-,-,-,-,-,-,-,-,-,-,-,-,-,-,-,-,-,-,-,-,-,-,-,80209,19659,60550,17483,4467,13016,16991,4145,12846,16304,3936,12368,14639,3462,11177,13194,3092,10102,-,-,-,-,-,-,1598,557,1041
101學年,二專,12364,6088,6276,6143,3115,3028,5227,2471,2756,237,80,157,35,26,9,-,-,-,-,-,-,-,-,-,722,396,326,1926,720,1206,955,367,588,742,278,464,105,32,73,-,-,-,-,-,-,-,-,-,-,-,-,124,43,81,-,-,-,-,-,-,-,-,-,-,-,-,-,-,-,-,-,-,-,-,-,-,-,-,-,-,-,10438,5368,5070,5188,2748,2440,4485,2193,2292,132,48,84,35,26,9,-,-,-,-,-,-,-,-,-,598,353,245
101學年,學士班,1038041,528515,509526,255698,131358,124340,242531,124601,117930,249211,122997,126214,237161,116450,120711,7127,2771,4356,1738,1126,612,1269,864,405,43306,28348,14958,275594,147604,127990,66122,36104,30018,64381,34443,29938,66198,34452,31746,65075,33891,31184,2114,979,1135,421,288,133,306,222,84,10977,7225,3752,4754,2154,2600,1176,535,641,1133,506,627,1089,491,598,1128,470,658,-,-,-,-,-,-,-,-,-,228,152,76,757693,378757,378936,188400,94719,93681,177017,89652,87365,181924,88054,93870,170958,82089,88869,5013,1792,3221,1317,838,479,963,642,321,32101,20971,11130
101學年,碩士班,183094,104219,78875,70269,41161,29108,64955,37720,27235,22905,11798,11107,13372,6530,6842,1848,1017,831,855,480,375,26,6,20,8864,5507,3357,117146,67298,49848,45161,26999,18162,42039,24892,17147,16675,8489,8186,8816,4149,4667,1223,619,604,373,185,188,23,5,18,2836,1960,876,2131,727,1404,700,258,442,690,246,444,403,106,297,279,94,185,17,7,10,32,10,22,-,-,-,10,6,4,63817,36194,27623,24408,13904,10504,22226,12582,9644,5827,3203,2624,4277,2287,1990,608,391,217,450,285,165,3,1,2,6018,3541,2477
101學年,博士班,32731,22923,9808,5688,3979,1709,5319,3725,1594,5274,3705,1569,4804,3388,1416,4092,2834,1258,3465,2433,1032,3126,2185,941,963,674,289,26396,18777,7619,4558,3236,1322,4266,3032,1234,4302,3063,1239,4079,2915,1164,3470,2421,1049,2927,2081,846,2605,1873,732,189,156,33,228,106,122,40,19,21,33,14,19,28,15,13,32,13,19,31,14,17,24,10,14,40,21,19,-,-,-,6107,4040,2067,1090,724,366,1020,679,341,944,627,317,693,460,233,591,399,192,514,342,172,481,291,190,774,518,256
100學年,總計,1352084,683367,668717,355351,183635,171716,333104,171438,161666,292267,141886,150381,277746,134272,143474,29325,10420,18905,5900,3926,1974,4309,3026,1283,54082,34764,19318,429808,235668,194140,118039,65944,52095,114163,63499,50664,89008,46466,42542,78756,40907,37849,8434,4564,3870,3602,2428,1174,2814,2064,750,14992,9796,5196,7053,2945,4108,1922,819,1103,1859,763,1096,1495,600,895,1431,571,860,60,27,33,62,23,39,36,20,16,188,122,66,915223,444754,470469,235390,116872,118518,217082,107176,109906,201764,94820,106944,197559,92794,104765,20831,5829,15002,2236,1475,761,1459,942,517,38902,24846,14056
100學年,五專,88070,21650,66420,18921,4591,14330,18817,4619,14198,17250,4250,13000,15713,3902,11811,15468,3592,11876,-,-,-,-,-,-,1901,696,1205,8606,1922,6684,1937,484,1453,1904,421,1483,1653,373,1280,1503,291,1212,1467,283,1184,-,-,-,-,-,-,142,70,72,-,-,-,-,-,-,-,-,-,-,-,-,-,-,-,-,-,-,-,-,-,-,-,-,-,-,-,79464,19728,59736,16984,4107,12877,16913,4198,12715,15597,3877,11720,14210,3611,10599,14001,3309,10692,-,-,-,-,-,-,1759,626,1133
100學年,二專,13230,6377,6853,6280,3101,3179,5396,2468,2928,327,96,231,15,10,5,-,-,-,-,-,-,-,-,-,1212,702,510,2093,840,1253,852,333,519,837,363,474,192,45,147,-,-,-,-,-,-,-,-,-,-,-,-,212,99,113,-,-,-,-,-,-,-,-,-,-,-,-,-,-,-,-,-,-,-,-,-,-,-,-,-,-,-,11137,5537,5600,5428,2768,2660,4559,2105,2454,135,51,84,15,10,5,-,-,-,-,-,-,-,-,-,1000,603,397
100學年,學士班,1032985,527456,505529,253882,130935,122947,237223,122276,114947,245420,121463,123957,243655,120196,123459,7797,2744,5053,1769,1135,634,1251,837,414,41988,27870,14118,274382,146765,127617,65436,35099,30337,63926,34322,29604,66208,34691,31517,64700,33724,30976,2347,1114,1233,543,337,206,312,221,91,10910,7257,3653,4668,2090,2578,1186,547,639,1117,500,617,1057,447,610,1126,477,649,-,-,-,-,-,-,-,-,-,182,119,63,753935,378601,375334,187260,95289,91971,172180,87454,84726,178155,86325,91830,177829,85995,91834,5450,1630,3820,1226,798,428,939,616,323,30896,20494,10402
100學年,碩士班,184113,104188,79925,70238,40771,29467,65739,37928,27811,23763,12164,11599,13558,6822,6736,1649,986,663,787,453,334,18,9,9,8361,5055,3306,117318,66589,50729,44975,26581,18394,42651,24972,17679,16469,8130,8339,8534,4075,4459,919,531,388,274,117,157,16,9,7,3480,2174,1306,2169,751,1418,700,257,443,712,249,463,400,134,266,269,77,192,38,16,22,44,15,29,-,-,-,6,3,3,64626,36848,27778,24563,13933,10630,22376,12707,9669,6894,3900,2994,4755,2670,2085,692,439,253,469,321,148,2,-,2,4875,2878,1997
100學年,博士班,33686,23696,9990,6030,4237,1793,5929,4147,1782,5507,3913,1594,4805,3342,1463,4411,3098,1313,3344,2338,1006,3040,2180,860,620,441,179,27409,19552,7857,4839,3447,1392,4845,3421,1424,4486,3227,1259,4019,2817,1202,3701,2636,1065,2785,1974,811,2486,1834,652,248,196,52,216,104,112,36,15,21,30,14,16,38,19,19,36,17,19,22,11,11,18,8,10,36,20,16,-,-,-,6061,4040,2021,1155,775,380,1054,712,342,983,667,316,750,508,242,688,451,237,541,356,185,518,326,192,372,245,127
99學年,總計,1343603,681054,662549,349117,180715,168402,328293,169386,158907,298711,146078,152633,274228,132695,141533,29663,10649,19014,5920,3999,1921,4309,3043,1266,53362,34489,18873,429037,235565,193472,118485,66325,52160,114563,63382,51181,88788,46365,42423,77081,40504,36577,8604,4585,4019,3563,2484,1079,2709,2007,702,15244,9913,5331,7179,2962,4217,2031,822,1209,1943,758,1185,1424,564,860,1342,575,767,53,17,36,34,12,22,24,12,12,328,202,126,907387,442527,464860,228601,113568,115033,211787,105246,106541,208499,99149,109350,195805,91616,104189,21006,6047,14959,2323,1503,820,1576,1024,552,37790,24374,13416
99學年,五專,86971,21975,64996,18980,4652,14328,17747,4483,13264,16700,4305,12395,16496,4102,12394,14864,3568,11296,-,-,-,-,-,-,2184,865,1319,8267,1766,6501,1921,437,1484,1659,376,1283,1606,320,1286,1514,296,1218,1405,271,1134,-,-,-,-,-,-,162,66,96,-,-,-,-,-,-,-,-,-,-,-,-,-,-,-,-,-,-,-,-,-,-,-,-,-,-,-,78704,20209,58495,17059,4215,12844,16088,4107,11981,15094,3985,11109,14982,3806,11176,13459,3297,10162,-,-,-,-,-,-,2022,799,1223
99學年,二專,15818,7580,8238,6386,3042,3344,6793,3023,3770,621,225,396,24,16,8,-,-,-,-,-,-,-,-,-,1994,1274,720,2864,1160,1704,923,404,519,1296,521,775,370,91,279,-,-,-,-,-,-,-,-,-,-,-,-,275,144,131,-,-,-,-,-,-,-,-,-,-,-,-,-,-,-,-,-,-,-,-,-,-,-,-,-,-,-,12954,6420,6534,5463,2638,2825,5497,2502,2995,251,134,117,24,16,8,-,-,-,-,-,-,-,-,-,1719,1130,589
99學年,學士班,1021636,522307,499329,246274,127318,118956,231572,119511,112061,251807,125116,126691,239547,118252,121295,8682,2997,5685,1737,1104,633,1430,951,479,40587,27058,13529,272242,145925,126317,64854,34935,29919,64016,34321,29695,65991,34602,31389,63247,33109,30138,2531,1200,1331,399,272,127,298,213,85,10906,7273,3633,4648,2064,2584,1173,522,651,1108,462,646,1056,443,613,1116,502,614,-,-,-,-,-,-,-,-,-,195,135,60,744746,374318,370428,180247,91861,88386,166448,84728,81720,184760,90071,94689,175184,84641,90543,6151,1797,4354,1338,832,506,1132,738,394,29486,19650,9836
99學年,碩士班,185000,104894,80106,70866,41006,29860,66100,38048,28052,24198,12669,11529,13086,6719,6367,1797,1024,773,824,458,366,17,5,12,8112,4965,3147,117648,66514,51134,45437,26705,18732,42585,24560,18025,16450,8261,8189,8043,4025,4018,1008,484,524,368,149,219,5,1,4,3752,2329,1423,2333,801,1532,821,283,538,798,278,520,331,104,227,197,57,140,24,6,18,18,3,15,11,3,8,133,67,66,65019,37579,27440,24608,14018,10590,22717,13210,9507,7417,4304,3113,4846,2637,2209,765,534,231,438,306,132,1,1,-,4227,2569,1658
99學年,博士班,34178,24298,9880,6611,4697,1914,6081,4321,1760,5385,3763,1622,5075,3606,1469,4320,3060,1260,3359,2437,922,2862,2087,775,485,327,158,28016,20200,7816,5350,3844,1506,5007,3604,1403,4371,3091,1280,4277,3074,1203,3660,2630,1030,2796,2063,733,2406,1793,613,149,101,48,198,97,101,37,17,20,37,18,19,37,17,20,29,16,13,29,11,18,16,9,7,13,9,4,-,-,-,5964,4001,1963,1224,836,388,1037,699,338,977,655,322,769,516,253,631,419,212,547,365,182,443,285,158,336,226,110
98學年,總計,1336659,680038,656621,342146,177734,164412,336743,174862,161881,296487,145727,150760,271028,130984,140044,30423,10996,19427,5630,3785,1845,3983,2860,1123,50219,33090,17129,423407,232939,190468,118178,65860,52318,113688,62973,50715,88440,47023,41417,75304,39410,35894,8943,4796,4147,3387,2354,1033,2405,1811,594,13062,8712,4350,6901,2869,4032,1991,795,1196,1860,746,1114,1471,611,860,1218,506,712,46,15,31,41,19,22,27,10,17,247,167,80,906351,444230,462121,221977,111079,110898,221195,111143,110052,206576,98093,108483,194506,91068,103438,21434,6185,15249,2202,1412,790,1551,1039,512,36910,24211,12699
98學年,五專,85614,22302,63312,17612,4393,13219,17195,4530,12665,17379,4512,12867,15819,4064,11755,15002,3655,11347,27,12,15,5,1,4,2575,1135,1440,7986,1663,6323,1685,395,1290,1637,335,1302,1639,331,1308,1442,281,1161,1373,243,1130,-,-,-,-,-,-,210,78,132,-,-,-,-,-,-,-,-,-,-,-,-,-,-,-,-,-,-,-,-,-,-,-,-,-,-,-,77628,20639,56989,15927,3998,11929,15558,4195,11363,15740,4181,11559,14377,3783,10594,13629,3412,10217,27,12,15,5,1,4,2365,1057,1308
98學年,二專,22941,11490,11451,7939,3720,4219,11103,5493,5610,939,274,665,32,20,12,-,-,-,-,-,-,-,-,-,2928,1983,945,3713,1432,2281,1394,578,816,1548,563,985,397,73,324,-,-,-,-,-,-,-,-,-,-,-,-,374,218,156,-,-,-,-,-,-,-,-,-,-,-,-,-,-,-,-,-,-,-,-,-,-,-,-,-,-,-,19228,10058,9170,6545,3142,3403,9555,4930,4625,542,201,341,32,20,12,-,-,-,-,-,-,-,-,-,2554,1765,789
98學年,學士班,1010952,517021,493931,239395,124032,115363,236208,121872,114336,246656,122691,123965,236893,116348,120545,9422,3277,6145,1731,1108,623,1409,967,442,39238,26726,12512,267928,143644,124284,64733,34812,29921,63216,33808,29408,64457,33966,30491,61439,31916,29523,2950,1399,1551,389,261,128,302,222,80,10442,7260,3182,4494,2016,2478,1130,494,636,1087,464,623,1045,464,581,997,435,562,-,-,-,-,-,-,-,-,-,235,159,76,738530,371361,367169,173532,88726,84806,171905,87600,84305,181154,88261,92893,174457,83997,90460,6472,1878,4594,1342,847,495,1107,745,362,28561,19307,9254
98學年,碩士班,183401,105084,78317,70368,40707,29661,66433,38895,27538,25816,14192,11624,13265,6967,6298,1764,987,777,747,408,339,25,6,19,4983,2922,2061,115911,65989,49922,44735,26011,18724,42498,24867,17631,17268,9273,7995,8141,4115,4026,1041,514,527,385,174,211,11,2,9,1832,1033,799,2230,767,1463,823,282,541,737,265,472,396,131,265,194,61,133,28,6,22,26,10,16,14,4,10,12,8,4,65260,38328,26932,24810,14414,10396,23198,13763,9435,8152,4788,3364,4930,2791,2139,695,467,228,336,224,112,-,-,-,3139,1881,1258
98學年,博士班,33751,24141,9610,6832,4882,1950,5804,4072,1732,5697,4058,1639,5019,3585,1434,4235,3077,1158,3125,2257,868,2544,1886,658,495,324,171,27869,20211,7658,5631,4064,1567,4789,3400,1389,4679,3380,1299,4282,3098,1184,3579,2640,939,2613,1919,694,2092,1587,505,204,123,81,177,86,91,38,19,19,36,17,19,30,16,14,27,10,17,18,9,9,15,9,6,13,6,7,-,-,-,5705,3844,1861,1163,799,364,979,655,324,988,662,326,710,477,233,638,428,210,497,329,168,439,293,146,291,201,90
97學年,總計,1337455,683114,654341,351800,183862,167938,332720,174257,158463,295963,145585,150378,270075,130393,139682,30838,11567,19271,5240,3635,1605,3692,2664,1028,47127,31151,15976,416089,230349,185740,117535,65553,51982,111759,62958,48801,86763,46119,40644,73718,39350,34368,9756,5121,4635,3161,2254,907,2222,1661,561,11175,7333,3842,6647,2741,3906,1889,766,1123,1820,756,1064,1462,594,868,1079,393,686,49,23,26,44,20,24,7,5,2,297,184,113,914719,450024,464695,232376,117543,114833,219141,110543,108598,207738,98872,108866,195278,90650,104628,21033,6423,14610,2035,1361,674,1463,998,465,35655,23634,12021
97學年,五專,84787,23124,61663,16938,4322,12616,17904,4776,13128,16717,4477,12240,15875,4138,11737,14055,3846,10209,-,-,-,-,-,-,3298,1565,1733,7855,1568,6287,1642,340,1302,1651,342,1309,1547,317,1230,1409,257,1152,1376,216,1160,-,-,-,-,-,-,230,96,134,-,-,-,-,-,-,-,-,-,-,-,-,-,-,-,-,-,-,-,-,-,-,-,-,-,-,-,76932,21556,55376,15296,3982,11314,16253,4434,11819,15170,4160,11010,14466,3881,10585,12679,3630,9049,-,-,-,-,-,-,3068,1469,1599
97學年,二專,32866,17451,15415,12407,6224,6183,15011,7756,7255,1280,600,680,-,-,-,-,-,-,-,-,-,-,-,-,4168,2871,1297,4299,1720,2579,1585,598,987,1770,688,1082,431,124,307,-,-,-,-,-,-,-,-,-,-,-,-,513,310,203,-,-,-,-,-,-,-,-,-,-,-,-,-,-,-,-,-,-,-,-,-,-,-,-,-,-,-,28567,15731,12836,10822,5626,5196,13241,7068,6173,849,476,373,-,-,-,-,-,-,-,-,-,-,-,-,3655,2561,1094
97學年,學士班,1006102,513338,492764,245356,127281,118075,228044,117989,110055,245048,121295,123753,236192,115607,120585,11119,3849,7270,1696,1141,555,1422,965,457,37225,25211,12014,262399,140717,121682,64169,34456,29713,61025,32760,28265,62676,32846,29830,60659,32066,28593,3909,1819,2090,391,273,118,306,223,83,9264,6274,2990,4383,1943,2440,1098,474,624,1079,485,594,1012,447,565,900,355,545,-,-,-,-,-,-,-,-,-,294,182,112,739320,370678,368642,180089,92351,87738,165940,84744,81196,181360,88002,93358,174633,83186,91447,7210,2030,5180,1305,868,437,1116,742,374,27667,18755,8912
97學年,碩士班,180809,105470,75339,70682,41515,29167,65432,39236,26196,27322,15173,12149,12639,6735,5904,1639,944,695,641,357,284,18,6,12,2436,1504,932,114237,66361,47876,44828,26364,18464,41973,25325,16648,17472,9445,8027,7453,3880,3573,1020,556,464,305,132,173,18,6,12,1168,653,515,2125,730,1395,755,275,480,714,256,458,425,137,288,158,28,130,33,14,19,37,18,19,-,-,-,3,2,1,64447,38379,26068,25099,14876,10223,22745,13655,9090,9425,5591,3834,5028,2827,2201,586,374,212,299,207,92,-,-,-,1265,849,416
97學年,博士班,32891,23731,9160,6417,4520,1897,6329,4500,1829,5596,4040,1556,5369,3913,1456,4025,2928,1097,2903,2137,766,2252,1693,559,-,-,-,27299,19983,7316,5311,3795,1516,5340,3843,1497,4637,3387,1250,4197,3147,1050,3451,2530,921,2465,1849,616,1898,1432,466,-,-,-,139,68,71,36,17,19,27,15,12,25,10,15,21,10,11,16,9,7,7,2,5,7,5,2,-,-,-,5453,3680,1773,1070,708,362,962,642,320,934,643,291,1151,756,395,558,389,169,431,286,145,347,256,91,-,-,-
""
