學年別,縣市別,總計學生數計,總計學生數男,總計學生數女,總計1年級計,總計1年級男,總計1年級女,總計2年級計,總計2年級男,總計2年級女,總計3年級計,總計3年級男,總計3年級女,總計延修生計,總計延修生男,總計延修生女,總計上學年畢業生數計,總計上學年畢業生數男,總計上學年畢業生數女,國立學生數計,國立學生數男,國立學生數女,國立1年級計,國立1年級男,國立1年級女,國立2年級計,國立2年級男,國立2年級女,國立3年級計,國立3年級男,國立3年級女,國立延修生計,國立延修生男,國立延修生女,國立上學年畢業生數計,國立上學年畢業生數男,國立上學年畢業生數女,直轄市立學生數計,直轄市立學生數男,直轄市立學生數女,直轄市立1年級計,直轄市立1年級男,直轄市立1年級女,直轄市立2年級計,直轄市立2年級男,直轄市立2年級女,直轄市立3年級計,直轄市立3年級男,直轄市立3年級女,直轄市立延修生計,直轄市立延修生男,直轄市立延修生女,直轄市立上學年畢業生數計,直轄市立上學年畢業生數男,直轄市立上學年畢業生數女,縣市立學生數計,縣市立學生數男,縣市立學生數女,縣市立1年級計,縣市立1年級男,縣市立1年級女,縣市立2年級計,縣市立2年級男,縣市立2年級女,縣市立3年級計,縣市立3年級男,縣市立3年級女,縣市立延修生計,縣市立延修生男,縣市立延修生女,縣市立上學年畢業生數計,縣市立上學年畢業生數男,縣市立上學年畢業生數女,私立學生數計,私立學生數男,私立學生數女,私立1年級計,私立1年級男,私立1年級女,私立2年級計,私立2年級男,私立2年級女,私立3年級計,私立3年級男,私立3年級女,私立延修生計,私立延修生男,私立延修生女,私立上學年畢業生數計,私立上學年畢業生數男,私立上學年畢業生數女
106學年,總計,33038,19852,13186,10750,6595,4155,11355,6812,4543,10892,6410,4482,41,35,6,9875,5436,4439,8652,5286,3366,2820,1748,1072,2990,1822,1168,2814,1692,1122,28,24,4,2527,1490,1037,2091,1430,661,674,493,181,664,445,219,750,489,261,3,3,-,492,284,208,-,-,-,-,-,-,-,-,-,-,-,-,-,-,-,-,-,-,22295,13136,9159,7256,4354,2902,7701,4545,3156,7328,4229,3099,10,8,2,6856,3662,3194
106學年,新北市,917,643,274,243,162,81,256,179,77,418,302,116,-,-,-,366,238,128,-,-,-,-,-,-,-,-,-,-,-,-,-,-,-,-,-,-,377,316,61,76,65,11,97,78,19,204,173,31,-,-,-,134,102,32,-,-,-,-,-,-,-,-,-,-,-,-,-,-,-,-,-,-,540,327,213,167,97,70,159,101,58,214,129,85,-,-,-,232,136,96
106學年,臺北市,377,268,109,105,76,29,126,98,28,146,94,52,-,-,-,136,81,55,-,-,-,-,-,-,-,-,-,-,-,-,-,-,-,-,-,-,86,80,6,21,21,-,29,28,1,36,31,5,-,-,-,45,31,14,-,-,-,-,-,-,-,-,-,-,-,-,-,-,-,-,-,-,291,188,103,84,55,29,97,70,27,110,63,47,-,-,-,91,50,41
106學年,桃園市,4770,2910,1860,1544,933,611,1666,1001,665,1560,976,584,-,-,-,1353,777,576,126,85,41,39,22,17,47,35,12,40,28,12,-,-,-,28,18,10,-,-,-,-,-,-,-,-,-,-,-,-,-,-,-,-,-,-,-,-,-,-,-,-,-,-,-,-,-,-,-,-,-,-,-,-,4644,2825,1819,1505,911,594,1619,966,653,1520,948,572,-,-,-,1325,759,566
106學年,臺中市,3836,2024,1812,1412,805,607,1287,682,605,1132,532,600,5,5,-,895,382,513,460,148,312,159,61,98,160,42,118,141,45,96,-,-,-,151,57,94,1399,901,498,519,361,158,447,287,160,430,250,180,3,3,-,263,132,131,-,-,-,-,-,-,-,-,-,-,-,-,-,-,-,-,-,-,1977,975,1002,734,383,351,680,353,327,561,237,324,2,2,-,481,193,288
106學年,臺南市,4007,2676,1331,1225,813,412,1399,952,447,1375,903,472,8,8,-,1258,770,488,2014,1396,618,595,425,170,719,504,215,692,459,233,8,8,-,622,408,214,-,-,-,-,-,-,-,-,-,-,-,-,-,-,-,-,-,-,-,-,-,-,-,-,-,-,-,-,-,-,-,-,-,-,-,-,1993,1280,713,630,388,242,680,448,232,683,444,239,-,-,-,636,362,274
106學年,高雄市,5576,3116,2460,1778,1015,763,1964,1107,857,1834,994,840,-,-,-,1851,940,911,249,147,102,81,42,39,91,60,31,77,45,32,-,-,-,31,15,16,229,133,96,58,46,12,91,52,39,80,35,45,-,-,-,50,19,31,-,-,-,-,-,-,-,-,-,-,-,-,-,-,-,-,-,-,5098,2836,2262,1639,927,712,1782,995,787,1677,914,763,-,-,-,1770,906,864
106學年,宜蘭縣,673,345,328,221,111,110,220,100,120,230,132,98,2,2,-,227,109,118,673,345,328,221,111,110,220,100,120,230,132,98,2,2,-,227,109,118,-,-,-,-,-,-,-,-,-,-,-,-,-,-,-,-,-,-,-,-,-,-,-,-,-,-,-,-,-,-,-,-,-,-,-,-,-,-,-,-,-,-,-,-,-,-,-,-,-,-,-,-,-,-
106學年,新竹縣,869,485,384,344,221,123,290,154,136,235,110,125,-,-,-,245,117,128,-,-,-,-,-,-,-,-,-,-,-,-,-,-,-,-,-,-,-,-,-,-,-,-,-,-,-,-,-,-,-,-,-,-,-,-,-,-,-,-,-,-,-,-,-,-,-,-,-,-,-,-,-,-,869,485,384,344,221,123,290,154,136,235,110,125,-,-,-,245,117,128
106學年,苗栗縣,1221,806,415,408,294,114,440,287,153,372,224,148,1,1,-,365,214,151,218,159,59,65,49,16,86,60,26,66,49,17,1,1,-,58,47,11,-,-,-,-,-,-,-,-,-,-,-,-,-,-,-,-,-,-,-,-,-,-,-,-,-,-,-,-,-,-,-,-,-,-,-,-,1003,647,356,343,245,98,354,227,127,306,175,131,-,-,-,307,167,140
106學年,彰化縣,2726,1685,1041,961,585,376,897,563,334,866,535,331,2,2,-,811,490,321,1598,875,723,565,302,263,530,299,231,501,272,229,2,2,-,495,280,215,-,-,-,-,-,-,-,-,-,-,-,-,-,-,-,-,-,-,-,-,-,-,-,-,-,-,-,-,-,-,-,-,-,-,-,-,1128,810,318,396,283,113,367,264,103,365,263,102,-,-,-,316,210,106
106學年,南投縣,1114,676,438,353,243,110,371,229,142,383,200,183,7,4,3,360,168,192,511,346,165,177,130,47,168,112,56,159,100,59,7,4,3,142,75,67,-,-,-,-,-,-,-,-,-,-,-,-,-,-,-,-,-,-,-,-,-,-,-,-,-,-,-,-,-,-,-,-,-,-,-,-,603,330,273,176,113,63,203,117,86,224,100,124,-,-,-,218,93,125
106學年,雲林縣,1451,988,463,456,331,125,496,315,181,495,339,156,4,3,1,415,264,151,611,469,142,198,161,37,211,154,57,199,151,48,3,3,-,181,133,48,-,-,-,-,-,-,-,-,-,-,-,-,-,-,-,-,-,-,-,-,-,-,-,-,-,-,-,-,-,-,-,-,-,-,-,-,840,519,321,258,170,88,285,161,124,296,188,108,1,-,1,234,131,103
106學年,嘉義縣,1583,1082,501,404,281,123,565,396,169,607,399,208,7,6,1,474,297,177,89,86,3,34,31,3,31,31,-,24,24,-,-,-,-,19,19,-,-,-,-,-,-,-,-,-,-,-,-,-,-,-,-,-,-,-,-,-,-,-,-,-,-,-,-,-,-,-,-,-,-,-,-,-,1494,996,498,370,250,120,534,365,169,583,375,208,7,6,1,455,278,177
106學年,屏東縣,698,363,335,218,120,98,245,130,115,234,112,122,1,1,-,255,113,142,501,282,219,175,102,73,158,93,65,167,86,81,1,1,-,151,83,68,-,-,-,-,-,-,-,-,-,-,-,-,-,-,-,-,-,-,-,-,-,-,-,-,-,-,-,-,-,-,-,-,-,-,-,-,197,81,116,43,18,25,87,37,50,67,26,41,-,-,-,104,30,74
106學年,臺東縣,188,53,135,74,20,54,59,19,40,55,14,41,-,-,-,50,22,28,-,-,-,-,-,-,-,-,-,-,-,-,-,-,-,-,-,-,-,-,-,-,-,-,-,-,-,-,-,-,-,-,-,-,-,-,-,-,-,-,-,-,-,-,-,-,-,-,-,-,-,-,-,-,188,53,135,74,20,54,59,19,40,55,14,41,-,-,-,50,22,28
106學年,花蓮縣,28,12,16,-,-,-,20,10,10,8,2,6,-,-,-,14,7,7,28,12,16,-,-,-,20,10,10,8,2,6,-,-,-,14,7,7,-,-,-,-,-,-,-,-,-,-,-,-,-,-,-,-,-,-,-,-,-,-,-,-,-,-,-,-,-,-,-,-,-,-,-,-,-,-,-,-,-,-,-,-,-,-,-,-,-,-,-,-,-,-
106學年,澎湖縣,64,36,28,27,17,10,18,9,9,18,9,9,1,1,-,14,10,4,64,36,28,27,17,10,18,9,9,18,9,9,1,1,-,14,10,4,-,-,-,-,-,-,-,-,-,-,-,-,-,-,-,-,-,-,-,-,-,-,-,-,-,-,-,-,-,-,-,-,-,-,-,-,-,-,-,-,-,-,-,-,-,-,-,-,-,-,-,-,-,-
106學年,基隆市,412,211,201,146,79,67,153,78,75,113,54,59,-,-,-,69,27,42,156,53,103,56,20,36,53,18,35,47,15,32,-,-,-,46,14,32,-,-,-,-,-,-,-,-,-,-,-,-,-,-,-,-,-,-,-,-,-,-,-,-,-,-,-,-,-,-,-,-,-,-,-,-,256,158,98,90,59,31,100,60,40,66,39,27,-,-,-,23,13,10
106學年,新竹市,559,274,285,186,92,94,196,92,104,177,90,87,-,-,-,202,85,117,452,208,244,145,71,74,159,76,83,148,61,87,-,-,-,135,52,83,-,-,-,-,-,-,-,-,-,-,-,-,-,-,-,-,-,-,-,-,-,-,-,-,-,-,-,-,-,-,-,-,-,-,-,-,107,66,41,41,21,20,37,16,21,29,29,-,-,-,-,67,33,34
106學年,嘉義市,1922,1177,745,645,397,248,656,401,255,618,377,241,3,2,1,515,325,190,855,617,238,283,204,79,288,209,79,281,202,79,3,2,1,213,163,50,-,-,-,-,-,-,-,-,-,-,-,-,-,-,-,-,-,-,-,-,-,-,-,-,-,-,-,-,-,-,-,-,-,-,-,-,1067,560,507,362,193,169,368,192,176,337,175,162,-,-,-,302,162,140
106學年,金門縣,47,22,25,-,-,-,31,10,21,16,12,4,-,-,-,-,-,-,47,22,25,-,-,-,31,10,21,16,12,4,-,-,-,-,-,-,-,-,-,-,-,-,-,-,-,-,-,-,-,-,-,-,-,-,-,-,-,-,-,-,-,-,-,-,-,-,-,-,-,-,-,-,-,-,-,-,-,-,-,-,-,-,-,-,-,-,-,-,-,-
106學年,連江縣,-,-,-,-,-,-,-,-,-,-,-,-,-,-,-,-,-,-,-,-,-,-,-,-,-,-,-,-,-,-,-,-,-,-,-,-,-,-,-,-,-,-,-,-,-,-,-,-,-,-,-,-,-,-,-,-,-,-,-,-,-,-,-,-,-,-,-,-,-,-,-,-,-,-,-,-,-,-,-,-,-,-,-,-,-,-,-,-,-,-
105學年,總計,34794,20494,14300,12526,7616,4910,11528,6824,4704,10643,5990,4653,97,64,33,10934,6146,4788,10411,6313,4098,3826,2384,1442,3418,2051,1367,3114,1851,1263,53,27,26,3090,1770,1320,919,652,267,258,183,75,357,257,100,283,191,92,21,21,-,292,201,91,-,-,-,-,-,-,-,-,-,-,-,-,-,-,-,-,-,-,23464,13529,9935,8442,5049,3393,7753,4516,3237,7246,3948,3298,23,16,7,7552,4175,3377
105學年,新北市,1205,824,381,316,195,121,433,317,116,424,283,141,32,29,3,513,335,178,-,-,-,-,-,-,-,-,-,-,-,-,-,-,-,-,-,-,517,428,89,116,93,23,219,188,31,161,126,35,21,21,-,143,119,24,-,-,-,-,-,-,-,-,-,-,-,-,-,-,-,-,-,-,688,396,292,200,102,98,214,129,85,263,157,106,11,8,3,370,216,154
105學年,臺北市,472,321,151,151,116,35,165,108,57,156,97,59,-,-,-,160,90,70,-,-,-,-,-,-,-,-,-,-,-,-,-,-,-,-,-,-,124,99,25,29,28,1,40,33,7,55,38,17,-,-,-,48,37,11,-,-,-,-,-,-,-,-,-,-,-,-,-,-,-,-,-,-,348,222,126,122,88,34,125,75,50,101,59,42,-,-,-,112,53,59
105學年,桃園市,4944,3015,1929,1825,1111,714,1654,1046,608,1463,857,606,2,1,1,1436,829,607,128,93,35,48,35,13,44,32,12,36,26,10,-,-,-,31,19,12,-,-,-,-,-,-,-,-,-,-,-,-,-,-,-,-,-,-,-,-,-,-,-,-,-,-,-,-,-,-,-,-,-,-,-,-,4816,2922,1894,1777,1076,701,1610,1014,596,1427,831,596,2,1,1,1405,810,595
105學年,臺中市,3634,1801,1833,1471,809,662,1186,565,621,964,425,539,13,2,11,976,420,556,1807,945,862,717,405,312,607,318,289,471,221,250,12,1,11,482,203,279,-,-,-,-,-,-,-,-,-,-,-,-,-,-,-,-,-,-,-,-,-,-,-,-,-,-,-,-,-,-,-,-,-,-,-,-,1827,856,971,754,404,350,579,247,332,493,204,289,1,1,-,494,217,277
105學年,臺南市,4362,2859,1503,1519,1037,482,1443,949,494,1387,863,524,13,10,3,1456,868,588,2202,1503,699,794,565,229,720,478,242,676,451,225,12,9,3,689,455,234,-,-,-,-,-,-,-,-,-,-,-,-,-,-,-,-,-,-,-,-,-,-,-,-,-,-,-,-,-,-,-,-,-,-,-,-,2160,1356,804,725,472,253,723,471,252,711,412,299,1,1,-,767,413,354
105學年,高雄市,5988,3270,2718,2096,1208,888,1933,1046,887,1959,1016,943,-,-,-,2225,1249,976,228,144,84,97,64,33,83,50,33,48,30,18,-,-,-,55,46,9,278,125,153,113,62,51,98,36,62,67,27,40,-,-,-,101,45,56,-,-,-,-,-,-,-,-,-,-,-,-,-,-,-,-,-,-,5482,3001,2481,1886,1082,804,1752,960,792,1844,959,885,-,-,-,2069,1158,911
105學年,宜蘭縣,769,393,376,252,121,131,250,138,112,260,130,130,7,4,3,204,95,109,769,393,376,252,121,131,250,138,112,260,130,130,7,4,3,204,95,109,-,-,-,-,-,-,-,-,-,-,-,-,-,-,-,-,-,-,-,-,-,-,-,-,-,-,-,-,-,-,-,-,-,-,-,-,-,-,-,-,-,-,-,-,-,-,-,-,-,-,-,-,-,-
105學年,新竹縣,829,420,409,333,184,149,247,116,131,249,120,129,-,-,-,299,154,145,-,-,-,-,-,-,-,-,-,-,-,-,-,-,-,-,-,-,-,-,-,-,-,-,-,-,-,-,-,-,-,-,-,-,-,-,-,-,-,-,-,-,-,-,-,-,-,-,-,-,-,-,-,-,829,420,409,333,184,149,247,116,131,249,120,129,-,-,-,299,154,145
105學年,苗栗縣,1216,771,445,427,289,138,397,244,153,383,232,151,9,6,3,380,226,154,215,163,52,76,54,22,73,54,19,65,54,11,1,1,-,69,49,20,-,-,-,-,-,-,-,-,-,-,-,-,-,-,-,-,-,-,-,-,-,-,-,-,-,-,-,-,-,-,-,-,-,-,-,-,1001,608,393,351,235,116,324,190,134,318,178,140,8,5,3,311,177,134
105學年,彰化縣,2799,1757,1042,1010,647,363,904,567,337,882,541,341,3,2,1,775,440,335,1671,949,722,592,338,254,524,291,233,552,318,234,3,2,1,502,266,236,-,-,-,-,-,-,-,-,-,-,-,-,-,-,-,-,-,-,-,-,-,-,-,-,-,-,-,-,-,-,-,-,-,-,-,-,1128,808,320,418,309,109,380,276,104,330,223,107,-,-,-,273,174,99
105學年,南投縣,1226,669,557,414,260,154,411,210,201,395,197,198,6,2,4,316,189,127,534,334,200,203,139,64,165,102,63,160,91,69,6,2,4,143,95,48,-,-,-,-,-,-,-,-,-,-,-,-,-,-,-,-,-,-,-,-,-,-,-,-,-,-,-,-,-,-,-,-,-,-,-,-,692,335,357,211,121,90,246,108,138,235,106,129,-,-,-,173,94,79
105學年,雲林縣,1527,1013,514,555,360,195,535,376,159,436,276,160,1,1,-,498,309,189,629,469,160,228,170,58,206,157,49,194,141,53,1,1,-,210,144,66,-,-,-,-,-,-,-,-,-,-,-,-,-,-,-,-,-,-,-,-,-,-,-,-,-,-,-,-,-,-,-,-,-,-,-,-,898,544,354,327,190,137,329,219,110,242,135,107,-,-,-,288,165,123
105學年,嘉義縣,1778,1184,594,639,448,191,651,427,224,488,309,179,-,-,-,492,305,187,83,83,-,36,36,-,27,27,-,20,20,-,-,-,-,31,31,-,-,-,-,-,-,-,-,-,-,-,-,-,-,-,-,-,-,-,-,-,-,-,-,-,-,-,-,-,-,-,-,-,-,-,-,-,1695,1101,594,603,412,191,624,400,224,468,289,179,-,-,-,461,274,187
105學年,屏東縣,811,407,404,274,150,124,242,116,126,291,139,152,4,2,2,244,105,139,527,302,225,169,105,64,172,90,82,182,105,77,4,2,2,153,70,83,-,-,-,-,-,-,-,-,-,-,-,-,-,-,-,-,-,-,-,-,-,-,-,-,-,-,-,-,-,-,-,-,-,-,-,-,284,105,179,105,45,60,70,26,44,109,34,75,-,-,-,91,35,56
105學年,臺東縣,182,61,121,67,20,47,62,16,46,53,25,28,-,-,-,47,22,25,-,-,-,-,-,-,-,-,-,-,-,-,-,-,-,-,-,-,-,-,-,-,-,-,-,-,-,-,-,-,-,-,-,-,-,-,-,-,-,-,-,-,-,-,-,-,-,-,-,-,-,-,-,-,182,61,121,67,20,47,62,16,46,53,25,28,-,-,-,47,22,25
105學年,花蓮縣,64,27,37,32,11,21,12,5,7,20,11,9,-,-,-,40,33,7,64,27,37,32,11,21,12,5,7,20,11,9,-,-,-,40,33,7,-,-,-,-,-,-,-,-,-,-,-,-,-,-,-,-,-,-,-,-,-,-,-,-,-,-,-,-,-,-,-,-,-,-,-,-,-,-,-,-,-,-,-,-,-,-,-,-,-,-,-,-,-,-
105學年,澎湖縣,65,38,27,30,18,12,21,10,11,14,10,4,-,-,-,9,6,3,65,38,27,30,18,12,21,10,11,14,10,4,-,-,-,9,6,3,-,-,-,-,-,-,-,-,-,-,-,-,-,-,-,-,-,-,-,-,-,-,-,-,-,-,-,-,-,-,-,-,-,-,-,-,-,-,-,-,-,-,-,-,-,-,-,-,-,-,-,-,-,-
105學年,基隆市,373,182,191,167,87,80,127,62,65,79,33,46,-,-,-,105,59,46,161,52,109,53,15,38,54,19,35,54,18,36,-,-,-,58,17,41,-,-,-,-,-,-,-,-,-,-,-,-,-,-,-,-,-,-,-,-,-,-,-,-,-,-,-,-,-,-,-,-,-,-,-,-,212,130,82,114,72,42,73,43,30,25,15,10,-,-,-,47,42,5
105學年,新竹市,607,290,317,206,101,105,185,94,91,213,93,120,3,2,1,198,73,125,458,196,262,163,78,85,151,60,91,141,56,85,3,2,1,147,58,89,-,-,-,-,-,-,-,-,-,-,-,-,-,-,-,-,-,-,-,-,-,-,-,-,-,-,-,-,-,-,-,-,-,-,-,-,149,94,55,43,23,20,34,34,-,72,37,35,-,-,-,51,15,36
105學年,嘉義市,1892,1168,724,709,432,277,652,400,252,527,333,194,4,3,1,538,335,203,819,598,221,303,218,85,291,208,83,221,169,52,4,3,1,244,179,65,-,-,-,-,-,-,-,-,-,-,-,-,-,-,-,-,-,-,-,-,-,-,-,-,-,-,-,-,-,-,-,-,-,-,-,-,1073,570,503,406,214,192,361,192,169,306,164,142,-,-,-,294,156,138
105學年,金門縣,51,24,27,33,12,21,18,12,6,-,-,-,-,-,-,23,4,19,51,24,27,33,12,21,18,12,6,-,-,-,-,-,-,23,4,19,-,-,-,-,-,-,-,-,-,-,-,-,-,-,-,-,-,-,-,-,-,-,-,-,-,-,-,-,-,-,-,-,-,-,-,-,-,-,-,-,-,-,-,-,-,-,-,-,-,-,-,-,-,-
105學年,連江縣,-,-,-,-,-,-,-,-,-,-,-,-,-,-,-,-,-,-,-,-,-,-,-,-,-,-,-,-,-,-,-,-,-,-,-,-,-,-,-,-,-,-,-,-,-,-,-,-,-,-,-,-,-,-,-,-,-,-,-,-,-,-,-,-,-,-,-,-,-,-,-,-,-,-,-,-,-,-,-,-,-,-,-,-,-,-,-,-,-,-
104學年,總計,35696,20672,15024,12757,7636,5121,11253,6371,4882,11645,6633,5012,41,32,9,12304,6907,5397,10543,6305,4238,3830,2328,1502,3281,1954,1327,3397,1995,1402,35,28,7,3416,1978,1438,1076,728,348,416,293,123,324,211,113,334,222,112,2,2,-,401,246,155,-,-,-,-,-,-,-,-,-,-,-,-,-,-,-,-,-,-,24077,13639,10438,8511,5015,3496,7648,4206,3442,7914,4416,3498,4,2,2,8487,4683,3804
104學年,新北市,1434,981,453,459,332,127,416,284,132,557,363,194,2,2,-,546,322,224,-,-,-,-,-,-,-,-,-,-,-,-,-,-,-,-,-,-,574,465,109,243,199,44,170,134,36,159,130,29,2,2,-,187,135,52,-,-,-,-,-,-,-,-,-,-,-,-,-,-,-,-,-,-,860,516,344,216,133,83,246,150,96,398,233,165,-,-,-,359,187,172
104學年,臺北市,530,327,203,180,122,58,175,105,70,175,100,75,-,-,-,206,129,77,-,-,-,-,-,-,-,-,-,-,-,-,-,-,-,-,-,-,167,124,43,47,40,7,65,42,23,55,42,13,-,-,-,77,60,17,-,-,-,-,-,-,-,-,-,-,-,-,-,-,-,-,-,-,363,203,160,133,82,51,110,63,47,120,58,62,-,-,-,129,69,60
104學年,桃園市,4963,3010,1953,1843,1169,674,1579,929,650,1541,912,629,-,-,-,1469,836,633,125,90,35,47,35,12,37,27,10,41,28,13,-,-,-,49,18,31,-,-,-,-,-,-,-,-,-,-,-,-,-,-,-,-,-,-,-,-,-,-,-,-,-,-,-,-,-,-,-,-,-,-,-,-,4838,2920,1918,1796,1134,662,1542,902,640,1500,884,616,-,-,-,1420,818,602
104學年,臺中市,3423,1591,1832,1357,674,683,1006,442,564,1050,468,582,10,7,3,1182,537,645,1775,882,893,718,396,322,498,230,268,549,249,300,10,7,3,592,283,309,-,-,-,-,-,-,-,-,-,-,-,-,-,-,-,-,-,-,-,-,-,-,-,-,-,-,-,-,-,-,-,-,-,-,-,-,1648,709,939,639,278,361,508,212,296,501,219,282,-,-,-,590,254,336
104學年,臺南市,4557,2893,1664,1562,1040,522,1458,919,539,1533,930,603,4,4,-,1557,909,648,2235,1503,732,782,523,259,708,474,234,741,502,239,4,4,-,727,451,276,-,-,-,-,-,-,-,-,-,-,-,-,-,-,-,-,-,-,-,-,-,-,-,-,-,-,-,-,-,-,-,-,-,-,-,-,2322,1390,932,780,517,263,750,445,305,792,428,364,-,-,-,830,458,372
104學年,高雄市,6502,3539,2963,2084,1137,947,2085,1087,998,2333,1315,1018,-,-,-,2501,1374,1127,199,139,60,87,54,33,48,30,18,64,55,9,-,-,-,61,36,25,335,139,196,126,54,72,89,35,54,120,50,70,-,-,-,137,51,86,-,-,-,-,-,-,-,-,-,-,-,-,-,-,-,-,-,-,5968,3261,2707,1871,1029,842,1948,1022,926,2149,1210,939,-,-,-,2303,1287,1016
104學年,宜蘭縣,805,422,383,285,155,130,276,143,133,242,123,119,2,1,1,244,112,132,805,422,383,285,155,130,276,143,133,242,123,119,2,1,1,244,112,132,-,-,-,-,-,-,-,-,-,-,-,-,-,-,-,-,-,-,-,-,-,-,-,-,-,-,-,-,-,-,-,-,-,-,-,-,-,-,-,-,-,-,-,-,-,-,-,-,-,-,-,-,-,-
104學年,新竹縣,858,432,426,286,139,147,267,133,134,305,160,145,-,-,-,270,134,136,-,-,-,-,-,-,-,-,-,-,-,-,-,-,-,-,-,-,-,-,-,-,-,-,-,-,-,-,-,-,-,-,-,-,-,-,-,-,-,-,-,-,-,-,-,-,-,-,-,-,-,-,-,-,858,432,426,286,139,147,267,133,134,305,160,145,-,-,-,270,134,136
104學年,苗栗縣,1285,782,503,450,276,174,411,250,161,423,255,168,1,1,-,443,285,158,215,161,54,77,55,22,65,54,11,72,51,21,1,1,-,74,56,18,-,-,-,-,-,-,-,-,-,-,-,-,-,-,-,-,-,-,-,-,-,-,-,-,-,-,-,-,-,-,-,-,-,-,-,-,1070,621,449,373,221,152,346,196,150,351,204,147,-,-,-,369,229,140
104學年,彰化縣,2755,1675,1080,1000,635,365,925,569,356,824,466,358,6,5,1,845,509,336,1696,947,749,570,321,249,582,337,245,538,284,254,6,5,1,537,291,246,-,-,-,-,-,-,-,-,-,-,-,-,-,-,-,-,-,-,-,-,-,-,-,-,-,-,-,-,-,-,-,-,-,-,-,-,1059,728,331,430,314,116,343,232,111,286,182,104,-,-,-,308,218,90
104學年,南投縣,1236,669,567,466,246,220,420,208,212,348,214,134,2,1,1,426,266,160,541,338,203,203,127,76,175,101,74,161,109,52,2,1,1,172,115,57,-,-,-,-,-,-,-,-,-,-,-,-,-,-,-,-,-,-,-,-,-,-,-,-,-,-,-,-,-,-,-,-,-,-,-,-,695,331,364,263,119,144,245,107,138,187,105,82,-,-,-,254,151,103
104學年,雲林縣,1563,1031,532,576,406,170,461,294,167,524,329,195,2,2,-,537,354,183,657,487,170,228,179,49,203,148,55,224,158,66,2,2,-,208,165,43,-,-,-,-,-,-,-,-,-,-,-,-,-,-,-,-,-,-,-,-,-,-,-,-,-,-,-,-,-,-,-,-,-,-,-,-,906,544,362,348,227,121,258,146,112,300,171,129,-,-,-,329,189,140
104學年,嘉義縣,1697,1103,594,697,468,229,495,324,171,505,311,194,-,-,-,634,372,262,86,86,-,32,32,-,22,22,-,32,32,-,-,-,-,65,49,16,-,-,-,-,-,-,-,-,-,-,-,-,-,-,-,-,-,-,-,-,-,-,-,-,-,-,-,-,-,-,-,-,-,-,-,-,1611,1017,594,665,436,229,473,302,171,473,279,194,-,-,-,569,323,246
104學年,屏東縣,855,398,457,273,134,139,309,141,168,271,121,150,2,2,-,297,154,143,545,285,260,183,95,88,188,105,83,172,83,89,2,2,-,159,88,71,-,-,-,-,-,-,-,-,-,-,-,-,-,-,-,-,-,-,-,-,-,-,-,-,-,-,-,-,-,-,-,-,-,-,-,-,310,113,197,90,39,51,121,36,85,99,38,61,-,-,-,138,66,72
104學年,臺東縣,188,67,121,79,18,61,59,26,33,49,23,26,1,-,1,35,19,16,-,-,-,-,-,-,-,-,-,-,-,-,-,-,-,-,-,-,-,-,-,-,-,-,-,-,-,-,-,-,-,-,-,-,-,-,-,-,-,-,-,-,-,-,-,-,-,-,-,-,-,-,-,-,188,67,121,79,18,61,59,26,33,49,23,26,1,-,1,35,19,16
104學年,花蓮縣,93,58,35,14,2,12,30,18,12,46,35,11,3,3,-,37,26,11,93,58,35,14,2,12,30,18,12,46,35,11,3,3,-,37,26,11,-,-,-,-,-,-,-,-,-,-,-,-,-,-,-,-,-,-,-,-,-,-,-,-,-,-,-,-,-,-,-,-,-,-,-,-,-,-,-,-,-,-,-,-,-,-,-,-,-,-,-,-,-,-
104學年,澎湖縣,60,34,26,32,17,15,17,10,7,11,7,4,-,-,-,9,6,3,60,34,26,32,17,15,17,10,7,11,7,4,-,-,-,9,6,3,-,-,-,-,-,-,-,-,-,-,-,-,-,-,-,-,-,-,-,-,-,-,-,-,-,-,-,-,-,-,-,-,-,-,-,-,-,-,-,-,-,-,-,-,-,-,-,-,-,-,-,-,-,-
104學年,基隆市,365,199,166,158,90,68,85,37,48,119,70,49,3,2,1,151,79,72,191,72,119,67,28,39,56,19,37,68,25,43,-,-,-,64,34,30,-,-,-,-,-,-,-,-,-,-,-,-,-,-,-,-,-,-,-,-,-,-,-,-,-,-,-,-,-,-,-,-,-,-,-,-,174,127,47,91,62,29,29,18,11,51,45,6,3,2,1,87,45,42
104學年,新竹市,621,278,343,193,101,92,224,101,123,204,76,128,-,-,-,212,94,118,452,182,270,153,61,92,146,60,86,153,61,92,-,-,-,127,48,79,-,-,-,-,-,-,-,-,-,-,-,-,-,-,-,-,-,-,-,-,-,-,-,-,-,-,-,-,-,-,-,-,-,-,-,-,169,96,73,40,40,-,78,41,37,51,15,36,-,-,-,85,46,39
104學年,嘉義市,1846,1156,690,730,454,276,555,351,204,558,349,209,3,2,1,671,377,294,808,592,216,319,227,92,230,176,54,256,187,69,3,2,1,259,187,72,-,-,-,-,-,-,-,-,-,-,-,-,-,-,-,-,-,-,-,-,-,-,-,-,-,-,-,-,-,-,-,-,-,-,-,-,1038,564,474,411,227,184,325,175,150,302,162,140,-,-,-,412,190,222
104學年,金門縣,60,27,33,33,21,12,-,-,-,27,6,21,-,-,-,32,13,19,60,27,33,33,21,12,-,-,-,27,6,21,-,-,-,32,13,19,-,-,-,-,-,-,-,-,-,-,-,-,-,-,-,-,-,-,-,-,-,-,-,-,-,-,-,-,-,-,-,-,-,-,-,-,-,-,-,-,-,-,-,-,-,-,-,-,-,-,-,-,-,-
104學年,連江縣,-,-,-,-,-,-,-,-,-,-,-,-,-,-,-,-,-,-,-,-,-,-,-,-,-,-,-,-,-,-,-,-,-,-,-,-,-,-,-,-,-,-,-,-,-,-,-,-,-,-,-,-,-,-,-,-,-,-,-,-,-,-,-,-,-,-,-,-,-,-,-,-,-,-,-,-,-,-,-,-,-,-,-,-,-,-,-,-,-,-
103學年,總計,37741,21627,16114,12484,7210,5274,12211,6991,5220,12986,7380,5606,60,46,14,12582,6945,5637,10925,6522,4403,3659,2247,1412,3572,2101,1471,3645,2136,1509,49,38,11,3480,1992,1488,1193,759,434,379,248,131,373,241,132,438,268,170,3,2,1,394,241,153,-,-,-,-,-,-,-,-,-,-,-,-,-,-,-,-,-,-,25623,14346,11277,8446,4715,3731,8266,4649,3617,8903,4976,3927,8,6,2,8708,4712,3996
103學年,新北市,1590,1022,568,448,305,143,552,366,186,590,351,239,-,-,-,627,386,241,-,-,-,-,-,-,-,-,-,-,-,-,-,-,-,-,-,-,555,430,125,188,149,39,167,137,30,200,144,56,-,-,-,165,119,46,-,-,-,-,-,-,-,-,-,-,-,-,-,-,-,-,-,-,1035,592,443,260,156,104,385,229,156,390,207,183,-,-,-,462,267,195
103學年,臺北市,614,364,250,205,119,86,193,112,81,216,133,83,-,-,-,175,100,75,-,-,-,-,-,-,-,-,-,-,-,-,-,-,-,-,-,-,218,158,60,81,53,28,57,44,13,80,61,19,-,-,-,56,49,7,-,-,-,-,-,-,-,-,-,-,-,-,-,-,-,-,-,-,396,206,190,124,66,58,136,68,68,136,72,64,-,-,-,119,51,68
103學年,臺中市,3555,1654,1901,1168,546,622,1087,490,597,1291,610,681,9,8,1,1257,576,681,1846,908,938,603,302,301,579,267,312,655,331,324,9,8,1,629,291,338,-,-,-,-,-,-,-,-,-,-,-,-,-,-,-,-,-,-,-,-,-,-,-,-,-,-,-,-,-,-,-,-,-,-,-,-,1709,746,963,565,244,321,508,223,285,636,279,357,-,-,-,628,285,343
103學年,臺南市,4809,2945,1864,1572,1004,568,1607,982,625,1622,953,669,8,6,2,1539,834,705,2292,1514,778,749,509,240,768,522,246,769,479,290,6,4,2,791,461,330,-,-,-,-,-,-,-,-,-,-,-,-,-,-,-,-,-,-,-,-,-,-,-,-,-,-,-,-,-,-,-,-,-,-,-,-,2517,1431,1086,823,495,328,839,460,379,853,474,379,2,2,-,748,373,375
103學年,高雄市,7344,4037,3307,2253,1198,1055,2462,1386,1076,2626,1451,1175,3,2,1,2604,1466,1138,170,122,48,45,31,14,64,55,9,61,36,25,-,-,-,74,54,20,420,171,249,110,46,64,149,60,89,158,63,95,3,2,1,173,73,100,-,-,-,-,-,-,-,-,-,-,-,-,-,-,-,-,-,-,6754,3744,3010,2098,1121,977,2249,1271,978,2407,1352,1055,-,-,-,2357,1339,1018
103學年,宜蘭縣,837,425,412,299,156,143,267,142,125,268,126,142,3,1,2,215,103,112,837,425,412,299,156,143,267,142,125,268,126,142,3,1,2,215,103,112,-,-,-,-,-,-,-,-,-,-,-,-,-,-,-,-,-,-,-,-,-,-,-,-,-,-,-,-,-,-,-,-,-,-,-,-,-,-,-,-,-,-,-,-,-,-,-,-,-,-,-,-,-,-
103學年,桃園縣,4877,2890,1987,1710,1014,696,1597,961,636,1570,915,655,-,-,-,1431,770,661,150,95,55,45,35,10,43,30,13,62,30,32,-,-,-,29,9,20,-,-,-,-,-,-,-,-,-,-,-,-,-,-,-,-,-,-,-,-,-,-,-,-,-,-,-,-,-,-,-,-,-,-,-,-,4727,2795,1932,1665,979,686,1554,931,623,1508,885,623,-,-,-,1402,761,641
103學年,新竹縣,916,485,431,308,170,138,328,174,154,280,141,139,-,-,-,295,156,139,-,-,-,-,-,-,-,-,-,-,-,-,-,-,-,-,-,-,-,-,-,-,-,-,-,-,-,-,-,-,-,-,-,-,-,-,-,-,-,-,-,-,-,-,-,-,-,-,-,-,-,-,-,-,916,485,431,308,170,138,328,174,154,280,141,139,-,-,-,295,156,139
103學年,苗栗縣,1419,882,537,485,302,183,447,266,181,481,310,171,6,4,2,480,295,185,234,176,58,78,63,15,75,52,23,79,59,20,2,2,-,119,90,29,-,-,-,-,-,-,-,-,-,-,-,-,-,-,-,-,-,-,-,-,-,-,-,-,-,-,-,-,-,-,-,-,-,-,-,-,1185,706,479,407,239,168,372,214,158,402,251,151,4,2,2,361,205,156
103學年,彰化縣,2786,1685,1101,1033,655,378,863,494,369,887,535,352,3,1,2,764,449,315,1767,984,783,644,385,259,556,295,261,564,303,261,3,1,2,532,297,235,-,-,-,-,-,-,-,-,-,-,-,-,-,-,-,-,-,-,-,-,-,-,-,-,-,-,-,-,-,-,-,-,-,-,-,-,1019,701,318,389,270,119,307,199,108,323,232,91,-,-,-,232,152,80
103學年,南投縣,1293,760,533,466,237,229,370,231,139,454,290,164,3,2,1,436,273,163,554,357,197,200,118,82,171,115,56,180,122,58,3,2,1,195,139,56,-,-,-,-,-,-,-,-,-,-,-,-,-,-,-,-,-,-,-,-,-,-,-,-,-,-,-,-,-,-,-,-,-,-,-,-,739,403,336,266,119,147,199,116,83,274,168,106,-,-,-,241,134,107
103學年,雲林縣,1599,1041,558,502,326,176,545,340,205,550,373,177,2,2,-,540,330,210,673,508,165,226,174,52,232,163,69,213,169,44,2,2,-,190,123,67,-,-,-,-,-,-,-,-,-,-,-,-,-,-,-,-,-,-,-,-,-,-,-,-,-,-,-,-,-,-,-,-,-,-,-,-,926,533,393,276,152,124,313,177,136,337,204,133,-,-,-,350,207,143
103學年,嘉義縣,1754,1094,660,579,380,199,521,326,195,654,388,266,-,-,-,691,377,314,131,115,16,29,29,-,34,34,-,68,52,16,-,-,-,72,50,22,-,-,-,-,-,-,-,-,-,-,-,-,-,-,-,-,-,-,-,-,-,-,-,-,-,-,-,-,-,-,-,-,-,-,-,-,1623,979,644,550,351,199,487,292,195,586,336,250,-,-,-,619,327,292
103學年,屏東縣,924,440,484,328,146,182,287,131,156,303,158,145,6,5,1,262,137,125,531,285,246,183,100,83,179,89,90,163,91,72,6,5,1,93,57,36,-,-,-,-,-,-,-,-,-,-,-,-,-,-,-,-,-,-,-,-,-,-,-,-,-,-,-,-,-,-,-,-,-,-,-,-,393,155,238,145,46,99,108,42,66,140,67,73,-,-,-,169,80,89
103學年,臺東縣,160,78,82,70,34,36,54,24,30,35,19,16,1,1,-,60,29,31,-,-,-,-,-,-,-,-,-,-,-,-,-,-,-,8,4,4,-,-,-,-,-,-,-,-,-,-,-,-,-,-,-,-,-,-,-,-,-,-,-,-,-,-,-,-,-,-,-,-,-,-,-,-,160,78,82,70,34,36,54,24,30,35,19,16,1,1,-,52,25,27
103學年,花蓮縣,162,112,50,52,34,18,60,40,20,50,38,12,-,-,-,27,14,13,162,112,50,52,34,18,60,40,20,50,38,12,-,-,-,27,14,13,-,-,-,-,-,-,-,-,-,-,-,-,-,-,-,-,-,-,-,-,-,-,-,-,-,-,-,-,-,-,-,-,-,-,-,-,-,-,-,-,-,-,-,-,-,-,-,-,-,-,-,-,-,-
103學年,澎湖縣,51,34,17,28,19,9,12,8,4,11,7,4,-,-,-,15,5,10,51,34,17,28,19,9,12,8,4,11,7,4,-,-,-,15,5,10,-,-,-,-,-,-,-,-,-,-,-,-,-,-,-,-,-,-,-,-,-,-,-,-,-,-,-,-,-,-,-,-,-,-,-,-,-,-,-,-,-,-,-,-,-,-,-,-,-,-,-,-,-,-
103學年,基隆市,390,210,180,101,48,53,128,77,51,160,85,75,1,-,1,199,103,96,206,88,118,69,28,41,70,26,44,66,34,32,1,-,1,58,21,37,-,-,-,-,-,-,-,-,-,-,-,-,-,-,-,-,-,-,-,-,-,-,-,-,-,-,-,-,-,-,-,-,-,-,-,-,184,122,62,32,20,12,58,51,7,94,51,43,-,-,-,141,82,59
103學年,新竹市,682,287,395,238,105,133,216,79,137,227,102,125,1,1,-,291,151,140,452,181,271,151,62,89,162,64,98,139,55,84,-,-,-,147,67,80,-,-,-,-,-,-,-,-,-,-,-,-,-,-,-,-,-,-,-,-,-,-,-,-,-,-,-,-,-,-,-,-,-,-,-,-,230,106,124,87,43,44,54,15,39,88,47,41,1,1,-,144,84,60
103學年,嘉義市,1913,1158,755,639,412,227,582,351,231,678,382,296,14,13,1,656,375,281,803,594,209,258,202,56,267,188,79,264,191,73,14,13,1,268,191,77,-,-,-,-,-,-,-,-,-,-,-,-,-,-,-,-,-,-,-,-,-,-,-,-,-,-,-,-,-,-,-,-,-,-,-,-,1110,564,546,381,210,171,315,163,152,414,191,223,-,-,-,388,184,204
103學年,金門縣,66,24,42,-,-,-,33,11,22,33,13,20,-,-,-,18,16,2,66,24,42,-,-,-,33,11,22,33,13,20,-,-,-,18,16,2,-,-,-,-,-,-,-,-,-,-,-,-,-,-,-,-,-,-,-,-,-,-,-,-,-,-,-,-,-,-,-,-,-,-,-,-,-,-,-,-,-,-,-,-,-,-,-,-,-,-,-,-,-,-
103學年,連江縣,-,-,-,-,-,-,-,-,-,-,-,-,-,-,-,-,-,-,-,-,-,-,-,-,-,-,-,-,-,-,-,-,-,-,-,-,-,-,-,-,-,-,-,-,-,-,-,-,-,-,-,-,-,-,-,-,-,-,-,-,-,-,-,-,-,-,-,-,-,-,-,-,-,-,-,-,-,-,-,-,-,-,-,-,-,-,-,-,-,-
102學年,總計,40530,23165,17365,13531,7922,5609,13647,7798,5849,13286,7396,5890,66,49,17,14160,7776,6384,11659,6899,4760,4043,2432,1611,3835,2265,1570,3752,2183,1569,29,19,10,3704,2102,1602,1347,842,505,425,268,157,485,304,181,430,264,166,7,6,1,417,226,191,-,-,-,-,-,-,-,-,-,-,-,-,-,-,-,-,-,-,27524,15424,12100,9063,5222,3841,9327,5229,4098,9104,4949,4155,30,24,6,10039,5448,4591
102學年,新北市,1906,1202,704,583,376,207,663,408,255,660,418,242,-,-,-,800,441,359,-,-,-,-,-,-,-,-,-,-,-,-,-,-,-,-,-,-,576,440,136,183,149,34,211,157,54,182,134,48,-,-,-,166,110,56,-,-,-,-,-,-,-,-,-,-,-,-,-,-,-,-,-,-,1330,762,568,400,227,173,452,251,201,478,284,194,-,-,-,634,331,303
102學年,臺北市,620,368,252,210,128,82,229,141,88,181,99,82,-,-,-,203,105,98,-,-,-,-,-,-,-,-,-,-,-,-,-,-,-,-,-,-,208,163,45,65,48,17,85,66,19,58,49,9,-,-,-,65,50,15,-,-,-,-,-,-,-,-,-,-,-,-,-,-,-,-,-,-,412,205,207,145,80,65,144,75,69,123,50,73,-,-,-,138,55,83
102學年,臺中市,3986,1915,2071,1246,586,660,1370,672,698,1355,647,708,15,10,5,1346,611,735,2106,1055,1051,679,327,352,699,363,336,714,356,358,14,9,5,661,310,351,-,-,-,-,-,-,-,-,-,-,-,-,-,-,-,-,-,-,-,-,-,-,-,-,-,-,-,-,-,-,-,-,-,-,-,-,1880,860,1020,567,259,308,671,309,362,641,291,350,1,1,-,685,301,384
102學年,臺南市,5049,2970,2079,1711,1062,649,1709,1011,698,1623,893,730,6,4,2,1855,1018,837,2474,1574,900,824,563,261,804,508,296,843,501,342,3,2,1,864,497,367,-,-,-,-,-,-,-,-,-,-,-,-,-,-,-,-,-,-,-,-,-,-,-,-,-,-,-,-,-,-,-,-,-,-,-,-,2575,1396,1179,887,499,388,905,503,402,780,392,388,3,2,1,991,521,470
102學年,高雄市,8110,4554,3556,2663,1517,1146,2735,1504,1231,2703,1526,1177,9,7,2,2911,1621,1290,204,150,54,69,60,9,61,36,25,74,54,20,-,-,-,94,73,21,563,239,324,177,71,106,189,81,108,190,81,109,7,6,1,186,66,120,-,-,-,-,-,-,-,-,-,-,-,-,-,-,-,-,-,-,7343,4165,3178,2417,1386,1031,2485,1387,1098,2439,1391,1048,2,1,1,2631,1482,1149
102學年,宜蘭縣,841,423,418,306,162,144,288,137,151,247,124,123,-,-,-,217,94,123,841,423,418,306,162,144,288,137,151,247,124,123,-,-,-,217,94,123,-,-,-,-,-,-,-,-,-,-,-,-,-,-,-,-,-,-,-,-,-,-,-,-,-,-,-,-,-,-,-,-,-,-,-,-,-,-,-,-,-,-,-,-,-,-,-,-,-,-,-,-,-,-
102學年,桃園縣,4962,2897,2065,1789,1087,702,1653,969,684,1513,834,679,7,7,-,1344,763,581,149,75,74,48,33,15,65,31,34,36,11,25,-,-,-,37,24,13,-,-,-,-,-,-,-,-,-,-,-,-,-,-,-,-,-,-,-,-,-,-,-,-,-,-,-,-,-,-,-,-,-,-,-,-,4813,2822,1991,1741,1054,687,1588,938,650,1477,823,654,7,7,-,1307,739,568
102學年,新竹縣,935,497,438,343,188,155,292,150,142,300,159,141,-,-,-,386,196,190,-,-,-,-,-,-,-,-,-,-,-,-,-,-,-,-,-,-,-,-,-,-,-,-,-,-,-,-,-,-,-,-,-,-,-,-,-,-,-,-,-,-,-,-,-,-,-,-,-,-,-,-,-,-,935,497,438,343,188,155,292,150,142,300,159,141,-,-,-,386,196,190
102學年,苗栗縣,1495,947,548,479,305,174,488,315,173,515,318,197,13,9,4,483,283,200,297,225,72,88,65,23,85,65,20,123,94,29,1,1,-,80,54,26,-,-,-,-,-,-,-,-,-,-,-,-,-,-,-,-,-,-,-,-,-,-,-,-,-,-,-,-,-,-,-,-,-,-,-,-,1198,722,476,391,240,151,403,250,153,392,224,168,12,8,4,403,229,174
102學年,彰化縣,2703,1600,1103,996,581,415,916,559,357,790,459,331,1,1,-,1002,615,387,1776,971,805,639,347,292,585,320,265,551,303,248,1,1,-,611,380,231,-,-,-,-,-,-,-,-,-,-,-,-,-,-,-,-,-,-,-,-,-,-,-,-,-,-,-,-,-,-,-,-,-,-,-,-,927,629,298,357,234,123,331,239,92,239,156,83,-,-,-,391,235,156
102學年,南投縣,1364,863,501,421,264,157,481,308,173,462,291,171,-,-,-,487,247,240,599,413,186,195,134,61,200,134,66,204,145,59,-,-,-,245,137,108,-,-,-,-,-,-,-,-,-,-,-,-,-,-,-,-,-,-,-,-,-,-,-,-,-,-,-,-,-,-,-,-,-,-,-,-,765,450,315,226,130,96,281,174,107,258,146,112,-,-,-,242,110,132
102學年,雲林縣,1773,1096,677,598,382,216,565,371,194,610,343,267,-,-,-,884,567,317,701,504,197,275,198,77,218,173,45,208,133,75,-,-,-,205,138,67,-,-,-,-,-,-,-,-,-,-,-,-,-,-,-,-,-,-,-,-,-,-,-,-,-,-,-,-,-,-,-,-,-,-,-,-,1072,592,480,323,184,139,347,198,149,402,210,192,-,-,-,679,429,250
102學年,嘉義縣,1951,1174,777,559,373,186,681,408,273,711,393,318,-,-,-,677,394,283,182,144,38,40,40,-,69,53,16,73,51,22,-,-,-,60,39,21,-,-,-,-,-,-,-,-,-,-,-,-,-,-,-,-,-,-,-,-,-,-,-,-,-,-,-,-,-,-,-,-,-,-,-,-,1769,1030,739,519,333,186,612,355,257,638,342,296,-,-,-,617,355,262
102學年,屏東縣,970,506,464,370,187,183,318,168,150,274,147,127,8,4,4,238,112,126,467,257,210,195,100,95,168,94,74,99,62,37,5,1,4,98,40,58,-,-,-,-,-,-,-,-,-,-,-,-,-,-,-,-,-,-,-,-,-,-,-,-,-,-,-,-,-,-,-,-,-,-,-,-,503,249,254,175,87,88,150,74,76,175,85,90,3,3,-,140,72,68
102學年,臺東縣,196,100,96,71,39,32,44,24,20,81,37,44,-,-,-,67,33,34,12,5,7,-,-,-,-,-,-,12,5,7,-,-,-,-,-,-,-,-,-,-,-,-,-,-,-,-,-,-,-,-,-,-,-,-,-,-,-,-,-,-,-,-,-,-,-,-,-,-,-,-,-,-,184,95,89,71,39,32,44,24,20,69,32,37,-,-,-,67,33,34
102學年,花蓮縣,176,122,54,87,61,26,52,39,13,37,22,15,-,-,-,26,17,9,176,122,54,87,61,26,52,39,13,37,22,15,-,-,-,26,17,9,-,-,-,-,-,-,-,-,-,-,-,-,-,-,-,-,-,-,-,-,-,-,-,-,-,-,-,-,-,-,-,-,-,-,-,-,-,-,-,-,-,-,-,-,-,-,-,-,-,-,-,-,-,-
102學年,澎湖縣,48,28,20,19,14,5,13,8,5,16,6,10,-,-,-,19,5,14,48,28,20,19,14,5,13,8,5,16,6,10,-,-,-,19,5,14,-,-,-,-,-,-,-,-,-,-,-,-,-,-,-,-,-,-,-,-,-,-,-,-,-,-,-,-,-,-,-,-,-,-,-,-,-,-,-,-,-,-,-,-,-,-,-,-,-,-,-,-,-,-
102學年,基隆市,527,292,235,155,96,59,165,87,78,206,108,98,1,1,-,209,94,115,212,93,119,84,36,48,67,33,34,61,24,37,-,-,-,49,10,39,-,-,-,-,-,-,-,-,-,-,-,-,-,-,-,-,-,-,-,-,-,-,-,-,-,-,-,-,-,-,-,-,-,-,-,-,315,199,116,71,60,11,98,54,44,145,84,61,1,1,-,160,84,76
102學年,新竹市,768,357,411,227,89,138,237,105,132,303,162,141,1,1,-,295,143,152,466,197,269,165,66,99,147,57,90,154,74,80,-,-,-,138,60,78,-,-,-,-,-,-,-,-,-,-,-,-,-,-,-,-,-,-,-,-,-,-,-,-,-,-,-,-,-,-,-,-,-,-,-,-,302,160,142,62,23,39,90,48,42,149,88,61,1,1,-,157,83,74
102學年,嘉義市,2061,1212,849,660,412,248,715,401,314,681,394,287,5,5,-,686,392,294,860,621,239,292,213,79,281,201,80,282,202,80,5,5,-,275,199,76,-,-,-,-,-,-,-,-,-,-,-,-,-,-,-,-,-,-,-,-,-,-,-,-,-,-,-,-,-,-,-,-,-,-,-,-,1201,591,610,368,199,169,434,200,234,399,192,207,-,-,-,411,193,218
102學年,金門縣,89,42,47,38,13,25,33,13,20,18,16,2,-,-,-,25,25,-,89,42,47,38,13,25,33,13,20,18,16,2,-,-,-,25,25,-,-,-,-,-,-,-,-,-,-,-,-,-,-,-,-,-,-,-,-,-,-,-,-,-,-,-,-,-,-,-,-,-,-,-,-,-,-,-,-,-,-,-,-,-,-,-,-,-,-,-,-,-,-,-
102學年,連江縣,-,-,-,-,-,-,-,-,-,-,-,-,-,-,-,-,-,-,-,-,-,-,-,-,-,-,-,-,-,-,-,-,-,-,-,-,-,-,-,-,-,-,-,-,-,-,-,-,-,-,-,-,-,-,-,-,-,-,-,-,-,-,-,-,-,-,-,-,-,-,-,-,-,-,-,-,-,-,-,-,-,-,-,-,-,-,-,-,-,-
101學年,總計,44301,25057,19244,15300,8895,6405,14046,7885,6161,14884,8234,6650,71,43,28,15435,8559,6876,12949,7707,5242,4592,2808,1784,4175,2493,1682,4134,2376,1758,48,30,18,4146,2326,1820,942,478,464,358,192,166,288,141,147,278,136,142,18,9,9,242,140,102,-,-,-,-,-,-,-,-,-,-,-,-,-,-,-,-,-,-,30410,16872,13538,10350,5895,4455,9583,5251,4332,10472,5722,4750,5,4,1,11047,6093,4954
101學年,新北市,2289,1360,929,683,405,278,726,463,263,877,490,387,3,2,1,1095,632,463,628,446,182,237,175,62,202,150,52,186,119,67,3,2,1,279,195,84,-,-,-,-,-,-,-,-,-,-,-,-,-,-,-,-,-,-,-,-,-,-,-,-,-,-,-,-,-,-,-,-,-,-,-,-,1661,914,747,446,230,216,524,313,211,691,371,320,-,-,-,816,437,379
101學年,臺北市,668,370,298,255,151,104,199,108,91,214,111,103,-,-,-,247,140,107,-,-,-,-,-,-,-,-,-,-,-,-,-,-,-,-,-,-,226,173,53,95,70,25,59,50,9,72,53,19,-,-,-,90,64,26,-,-,-,-,-,-,-,-,-,-,-,-,-,-,-,-,-,-,442,197,245,160,81,79,140,58,82,142,58,84,-,-,-,157,76,81
101學年,臺中市,4505,2220,2285,1583,812,771,1440,698,742,1473,704,769,9,6,3,1705,849,856,2343,1222,1121,825,451,374,765,396,369,745,370,375,8,5,3,825,397,428,-,-,-,-,-,-,-,-,-,-,-,-,-,-,-,-,-,-,-,-,-,-,-,-,-,-,-,-,-,-,-,-,-,-,-,-,2162,998,1164,758,361,397,675,302,373,728,334,394,1,1,-,880,452,428
101學年,臺南市,5501,3131,2370,1862,1123,739,1703,943,760,1932,1062,870,4,3,1,2078,1200,878,2652,1595,1057,865,549,316,873,520,353,910,523,387,4,3,1,790,478,312,-,-,-,-,-,-,-,-,-,-,-,-,-,-,-,-,-,-,-,-,-,-,-,-,-,-,-,-,-,-,-,-,-,-,-,-,2849,1536,1313,997,574,423,830,423,407,1022,539,483,-,-,-,1288,722,566
101學年,高雄市,8878,4940,3938,3010,1649,1361,2803,1580,1223,3047,1702,1345,18,9,9,2997,1659,1338,233,166,67,64,38,26,74,54,20,95,74,21,-,-,-,96,51,45,716,305,411,263,122,141,229,91,138,206,83,123,18,9,9,152,76,76,-,-,-,-,-,-,-,-,-,-,-,-,-,-,-,-,-,-,7929,4469,3460,2683,1489,1194,2500,1435,1065,2746,1545,1201,-,-,-,2749,1532,1217
101學年,宜蘭縣,822,399,423,316,155,161,268,139,129,238,105,133,-,-,-,229,85,144,822,399,423,316,155,161,268,139,129,238,105,133,-,-,-,229,85,144,-,-,-,-,-,-,-,-,-,-,-,-,-,-,-,-,-,-,-,-,-,-,-,-,-,-,-,-,-,-,-,-,-,-,-,-,-,-,-,-,-,-,-,-,-,-,-,-,-,-,-,-,-,-
101學年,桃園縣,4885,2824,2061,1881,1128,753,1605,892,713,1395,801,594,4,3,1,1505,856,649,152,73,79,72,32,40,40,14,26,40,27,13,-,-,-,35,22,13,-,-,-,-,-,-,-,-,-,-,-,-,-,-,-,-,-,-,-,-,-,-,-,-,-,-,-,-,-,-,-,-,-,-,-,-,4733,2751,1982,1809,1096,713,1565,878,687,1355,774,581,4,3,1,1470,834,636
101學年,新竹縣,1056,550,506,334,179,155,324,170,154,398,201,197,-,-,-,370,217,153,-,-,-,-,-,-,-,-,-,-,-,-,-,-,-,-,-,-,-,-,-,-,-,-,-,-,-,-,-,-,-,-,-,-,-,-,-,-,-,-,-,-,-,-,-,-,-,-,-,-,-,-,-,-,1056,550,506,334,179,155,324,170,154,398,201,197,-,-,-,370,217,153
101學年,苗栗縣,1706,1060,646,578,380,198,576,357,219,552,323,229,-,-,-,583,352,231,301,221,80,91,68,23,128,97,31,82,56,26,-,-,-,73,53,20,-,-,-,-,-,-,-,-,-,-,-,-,-,-,-,-,-,-,-,-,-,-,-,-,-,-,-,-,-,-,-,-,-,-,-,-,1405,839,566,487,312,175,448,260,188,470,267,203,-,-,-,510,299,211
101學年,彰化縣,2946,1816,1130,1070,685,385,835,498,337,1032,630,402,9,3,6,1075,629,446,1926,1127,799,690,394,296,588,335,253,639,395,244,9,3,6,684,388,296,-,-,-,-,-,-,-,-,-,-,-,-,-,-,-,-,-,-,-,-,-,-,-,-,-,-,-,-,-,-,-,-,-,-,-,-,1020,689,331,380,291,89,247,163,84,393,235,158,-,-,-,391,241,150
101學年,南投縣,1537,922,615,557,359,198,480,309,171,500,254,246,-,-,-,480,269,211,701,451,250,233,157,76,217,155,62,251,139,112,-,-,-,245,144,101,-,-,-,-,-,-,-,-,-,-,-,-,-,-,-,-,-,-,-,-,-,-,-,-,-,-,-,-,-,-,-,-,-,-,-,-,836,471,365,324,202,122,263,154,109,249,115,134,-,-,-,235,125,110
101學年,雲林縣,2132,1338,794,602,407,195,637,359,278,893,572,321,-,-,-,838,532,306,667,469,198,237,190,47,219,139,80,211,140,71,-,-,-,196,148,48,-,-,-,-,-,-,-,-,-,-,-,-,-,-,-,-,-,-,-,-,-,-,-,-,-,-,-,-,-,-,-,-,-,-,-,-,1465,869,596,365,217,148,418,220,198,682,432,250,-,-,-,642,384,258
101學年,嘉義縣,2184,1277,907,754,455,299,744,419,325,686,403,283,-,-,-,650,359,291,220,162,58,82,67,15,76,54,22,62,41,21,-,-,-,30,30,-,-,-,-,-,-,-,-,-,-,-,-,-,-,-,-,-,-,-,-,-,-,-,-,-,-,-,-,-,-,-,-,-,-,-,-,-,1964,1115,849,672,388,284,668,365,303,624,362,262,-,-,-,620,329,291
101學年,屏東縣,904,477,427,351,190,161,292,162,130,248,118,130,13,7,6,312,130,182,396,218,178,175,101,74,107,69,38,101,41,60,13,7,6,95,30,65,-,-,-,-,-,-,-,-,-,-,-,-,-,-,-,-,-,-,-,-,-,-,-,-,-,-,-,-,-,-,-,-,-,-,-,-,508,259,249,176,89,87,185,93,92,147,77,70,-,-,-,217,100,117
101學年,臺東縣,220,104,116,59,29,30,87,40,47,74,35,39,-,-,-,48,25,23,17,9,8,-,-,-,17,9,8,-,-,-,-,-,-,-,-,-,-,-,-,-,-,-,-,-,-,-,-,-,-,-,-,-,-,-,-,-,-,-,-,-,-,-,-,-,-,-,-,-,-,-,-,-,203,95,108,59,29,30,70,31,39,74,35,39,-,-,-,48,25,23
101學年,花蓮縣,162,108,54,77,53,24,40,23,17,45,32,13,-,-,-,20,7,13,162,108,54,77,53,24,40,23,17,45,32,13,-,-,-,20,7,13,-,-,-,-,-,-,-,-,-,-,-,-,-,-,-,-,-,-,-,-,-,-,-,-,-,-,-,-,-,-,-,-,-,-,-,-,-,-,-,-,-,-,-,-,-,-,-,-,-,-,-,-,-,-
101學年,澎湖縣,63,28,35,27,15,12,17,8,9,19,5,14,-,-,-,13,5,8,63,28,35,27,15,12,17,8,9,19,5,14,-,-,-,13,5,8,-,-,-,-,-,-,-,-,-,-,-,-,-,-,-,-,-,-,-,-,-,-,-,-,-,-,-,-,-,-,-,-,-,-,-,-,-,-,-,-,-,-,-,-,-,-,-,-,-,-,-,-,-,-
101學年,基隆市,669,342,327,200,111,89,234,122,112,233,107,126,2,2,-,180,72,108,216,93,123,80,44,36,74,31,43,60,16,44,2,2,-,65,16,49,-,-,-,-,-,-,-,-,-,-,-,-,-,-,-,-,-,-,-,-,-,-,-,-,-,-,-,-,-,-,-,-,-,-,-,-,453,249,204,120,67,53,160,91,69,173,91,82,-,-,-,115,56,59
101學年,新竹市,884,444,440,269,127,142,315,172,143,300,145,155,-,-,-,323,162,161,463,204,259,162,66,96,159,77,82,142,61,81,-,-,-,157,69,88,-,-,-,-,-,-,-,-,-,-,-,-,-,-,-,-,-,-,-,-,-,-,-,-,-,-,-,-,-,-,-,-,-,-,-,-,421,240,181,107,61,46,156,95,61,158,84,74,-,-,-,166,93,73
101學年,嘉義市,2206,1287,919,793,465,328,702,406,296,702,408,294,9,8,1,657,367,290,903,656,247,320,236,84,292,206,86,282,206,76,9,8,1,284,196,88,-,-,-,-,-,-,-,-,-,-,-,-,-,-,-,-,-,-,-,-,-,-,-,-,-,-,-,-,-,-,-,-,-,-,-,-,1303,631,672,473,229,244,410,200,210,420,202,218,-,-,-,373,171,202
101學年,金門縣,84,60,24,39,17,22,19,17,2,26,26,-,-,-,-,30,12,18,84,60,24,39,17,22,19,17,2,26,26,-,-,-,-,30,12,18,-,-,-,-,-,-,-,-,-,-,-,-,-,-,-,-,-,-,-,-,-,-,-,-,-,-,-,-,-,-,-,-,-,-,-,-,-,-,-,-,-,-,-,-,-,-,-,-,-,-,-,-,-,-
101學年,連江縣,-,-,-,-,-,-,-,-,-,-,-,-,-,-,-,-,-,-,-,-,-,-,-,-,-,-,-,-,-,-,-,-,-,-,-,-,-,-,-,-,-,-,-,-,-,-,-,-,-,-,-,-,-,-,-,-,-,-,-,-,-,-,-,-,-,-,-,-,-,-,-,-,-,-,-,-,-,-,-,-,-,-,-,-,-,-,-,-,-,-
100學年,總計,48018,27130,20888,15833,9081,6752,15810,8853,6957,16315,9158,7157,60,38,22,15751,8958,6793,13654,8054,5600,4758,2919,1839,4384,2564,1820,4469,2544,1925,43,27,16,4571,2719,1852,1084,597,487,386,209,177,351,171,180,336,211,125,11,6,5,368,199,169,-,-,-,-,-,-,-,-,-,-,-,-,-,-,-,-,-,-,33280,18479,14801,10689,5953,4736,11075,6118,4957,11510,6403,5107,6,5,1,10812,6040,4772
100學年,新北市,2991,1780,1211,837,529,308,960,547,413,1171,690,481,23,14,9,1179,723,456,768,531,237,240,174,66,200,129,71,305,214,91,23,14,9,306,215,91,-,-,-,-,-,-,-,-,-,-,-,-,-,-,-,-,-,-,-,-,-,-,-,-,-,-,-,-,-,-,-,-,-,-,-,-,2223,1249,974,597,355,242,760,418,342,866,476,390,-,-,-,873,508,365
100學年,臺北市,730,416,314,240,139,101,230,129,101,260,148,112,-,-,-,229,125,104,-,-,-,-,-,-,-,-,-,-,-,-,-,-,-,-,-,-,254,193,61,74,62,12,87,65,22,93,66,27,-,-,-,83,67,16,-,-,-,-,-,-,-,-,-,-,-,-,-,-,-,-,-,-,476,223,253,166,77,89,143,64,79,167,82,85,-,-,-,146,58,88
100學年,臺中市,5089,2586,2503,1685,860,825,1588,789,799,1815,936,879,1,1,-,2008,1038,970,2631,1389,1242,904,496,408,809,421,388,918,472,446,-,-,-,934,484,450,-,-,-,-,-,-,-,-,-,-,-,-,-,-,-,-,-,-,-,-,-,-,-,-,-,-,-,-,-,-,-,-,-,-,-,-,2458,1197,1261,781,364,417,779,368,411,897,464,433,1,1,-,1074,554,520
100學年,臺南市,6093,3460,2633,1842,1033,809,2041,1149,892,2204,1272,932,6,6,-,2097,1204,893,2808,1685,1123,948,577,371,974,570,404,880,532,348,6,6,-,842,493,349,-,-,-,-,-,-,-,-,-,-,-,-,-,-,-,-,-,-,-,-,-,-,-,-,-,-,-,-,-,-,-,-,-,-,-,-,3285,1775,1510,894,456,438,1067,579,488,1324,740,584,-,-,-,1255,711,544
100學年,高雄市,9585,5433,4152,3111,1781,1330,3234,1814,1420,3229,1832,1397,11,6,5,3183,1741,1442,277,188,89,77,56,21,100,78,22,100,54,46,-,-,-,116,66,50,830,404,426,312,147,165,264,106,158,243,145,98,11,6,5,285,132,153,-,-,-,-,-,-,-,-,-,-,-,-,-,-,-,-,-,-,8478,4841,3637,2722,1578,1144,2870,1630,1240,2886,1633,1253,-,-,-,2782,1543,1239
100學年,宜蘭縣,806,371,435,314,170,144,247,112,135,243,89,154,2,-,2,192,90,102,806,371,435,314,170,144,247,112,135,243,89,154,2,-,2,192,90,102,-,-,-,-,-,-,-,-,-,-,-,-,-,-,-,-,-,-,-,-,-,-,-,-,-,-,-,-,-,-,-,-,-,-,-,-,-,-,-,-,-,-,-,-,-,-,-,-,-,-,-,-,-,-
100學年,桃園縣,4824,2768,2056,1784,1023,761,1475,844,631,1564,900,664,1,1,-,1420,823,597,124,72,52,46,20,26,40,27,13,38,25,13,-,-,-,48,31,17,-,-,-,-,-,-,-,-,-,-,-,-,-,-,-,-,-,-,-,-,-,-,-,-,-,-,-,-,-,-,-,-,-,-,-,-,4700,2696,2004,1738,1003,735,1435,817,618,1526,875,651,1,1,-,1372,792,580
100學年,新竹縣,1184,654,530,375,206,169,427,223,204,382,225,157,-,-,-,352,204,148,-,-,-,-,-,-,-,-,-,-,-,-,-,-,-,-,-,-,-,-,-,-,-,-,-,-,-,-,-,-,-,-,-,-,-,-,-,-,-,-,-,-,-,-,-,-,-,-,-,-,-,-,-,-,1184,654,530,375,206,169,427,223,204,382,225,157,-,-,-,352,204,148
100學年,苗栗縣,1860,1141,719,654,412,242,571,334,237,635,395,240,-,-,-,598,371,227,291,216,75,130,101,29,83,57,26,78,58,20,-,-,-,126,98,28,-,-,-,-,-,-,-,-,-,-,-,-,-,-,-,-,-,-,-,-,-,-,-,-,-,-,-,-,-,-,-,-,-,-,-,-,1569,925,644,524,311,213,488,277,211,557,337,220,-,-,-,472,273,199
100學年,彰化縣,3130,1882,1248,941,570,371,1077,667,410,1106,643,463,6,2,4,1217,735,482,2065,1220,845,678,395,283,671,423,248,710,400,310,6,2,4,800,483,317,-,-,-,-,-,-,-,-,-,-,-,-,-,-,-,-,-,-,-,-,-,-,-,-,-,-,-,-,-,-,-,-,-,-,-,-,1065,662,403,263,175,88,406,244,162,396,243,153,-,-,-,417,252,165
100學年,南投縣,1605,919,686,566,370,196,526,267,259,512,281,231,1,1,-,439,243,196,793,487,306,267,190,77,267,148,119,259,149,110,-,-,-,218,134,84,-,-,-,-,-,-,-,-,-,-,-,-,-,-,-,-,-,-,-,-,-,-,-,-,-,-,-,-,-,-,-,-,-,-,-,-,812,432,380,299,180,119,259,119,140,253,132,121,1,1,-,221,109,112
100學年,雲林縣,2493,1555,938,681,399,282,945,608,337,866,547,319,1,1,-,657,396,261,663,462,201,237,157,80,217,146,71,208,158,50,1,1,-,248,175,73,-,-,-,-,-,-,-,-,-,-,-,-,-,-,-,-,-,-,-,-,-,-,-,-,-,-,-,-,-,-,-,-,-,-,-,-,1830,1093,737,444,242,202,728,462,266,658,389,269,-,-,-,409,221,188
100學年,嘉義縣,2210,1273,937,821,475,346,728,431,297,661,367,294,-,-,-,633,400,233,172,130,42,78,57,21,64,43,21,30,30,-,-,-,-,43,42,1,-,-,-,-,-,-,-,-,-,-,-,-,-,-,-,-,-,-,-,-,-,-,-,-,-,-,-,-,-,-,-,-,-,-,-,-,2038,1143,895,743,418,325,664,388,276,631,337,294,-,-,-,590,358,232
100學年,屏東縣,949,463,486,342,186,156,272,134,138,333,142,191,2,1,1,241,140,101,331,161,170,119,79,40,105,45,60,107,37,70,-,-,-,114,69,45,-,-,-,-,-,-,-,-,-,-,-,-,-,-,-,-,-,-,-,-,-,-,-,-,-,-,-,-,-,-,-,-,-,-,-,-,618,302,316,223,107,116,167,89,78,226,105,121,2,1,1,127,71,56
100學年,臺東縣,246,128,118,111,58,53,85,43,42,50,27,23,-,-,-,53,40,13,19,10,9,19,10,9,-,-,-,-,-,-,-,-,-,16,8,8,-,-,-,-,-,-,-,-,-,-,-,-,-,-,-,-,-,-,-,-,-,-,-,-,-,-,-,-,-,-,-,-,-,-,-,-,227,118,109,92,48,44,85,43,42,50,27,23,-,-,-,37,32,5
100學年,花蓮縣,141,83,58,69,40,29,52,36,16,20,7,13,-,-,-,29,9,20,141,83,58,69,40,29,52,36,16,20,7,13,-,-,-,29,9,20,-,-,-,-,-,-,-,-,-,-,-,-,-,-,-,-,-,-,-,-,-,-,-,-,-,-,-,-,-,-,-,-,-,-,-,-,-,-,-,-,-,-,-,-,-,-,-,-,-,-,-,-,-,-
100學年,澎湖縣,72,35,37,35,23,12,22,5,17,15,7,8,-,-,-,19,14,5,72,35,37,35,23,12,22,5,17,15,7,8,-,-,-,19,14,5,-,-,-,-,-,-,-,-,-,-,-,-,-,-,-,-,-,-,-,-,-,-,-,-,-,-,-,-,-,-,-,-,-,-,-,-,-,-,-,-,-,-,-,-,-,-,-,-,-,-,-,-,-,-
100學年,基隆市,743,354,389,280,149,131,255,116,139,206,87,119,2,2,-,138,80,58,222,76,146,81,33,48,65,19,46,75,23,52,1,1,-,65,23,42,-,-,-,-,-,-,-,-,-,-,-,-,-,-,-,-,-,-,-,-,-,-,-,-,-,-,-,-,-,-,-,-,-,-,-,-,521,278,243,199,116,83,190,97,93,131,64,67,1,1,-,73,57,16
100學年,新竹市,987,494,493,339,173,166,316,152,164,332,169,163,-,-,-,356,177,179,464,208,256,159,77,82,147,61,86,158,70,88,-,-,-,161,68,93,-,-,-,-,-,-,-,-,-,-,-,-,-,-,-,-,-,-,-,-,-,-,-,-,-,-,-,-,-,-,-,-,-,-,-,-,523,286,237,180,96,84,169,91,78,174,99,75,-,-,-,195,109,86
100學年,嘉義市,2184,1261,923,770,453,317,729,423,306,681,382,299,4,3,1,711,405,306,911,656,255,321,232,89,291,214,77,295,207,88,4,3,1,294,217,77,-,-,-,-,-,-,-,-,-,-,-,-,-,-,-,-,-,-,-,-,-,-,-,-,-,-,-,-,-,-,-,-,-,-,-,-,1273,605,668,449,221,228,438,209,229,386,175,211,-,-,-,417,188,229
100學年,金門縣,96,74,22,36,32,4,30,30,-,30,12,18,-,-,-,-,-,-,96,74,22,36,32,4,30,30,-,30,12,18,-,-,-,-,-,-,-,-,-,-,-,-,-,-,-,-,-,-,-,-,-,-,-,-,-,-,-,-,-,-,-,-,-,-,-,-,-,-,-,-,-,-,-,-,-,-,-,-,-,-,-,-,-,-,-,-,-,-,-,-
100學年,連江縣,-,-,-,-,-,-,-,-,-,-,-,-,-,-,-,-,-,-,-,-,-,-,-,-,-,-,-,-,-,-,-,-,-,-,-,-,-,-,-,-,-,-,-,-,-,-,-,-,-,-,-,-,-,-,-,-,-,-,-,-,-,-,-,-,-,-,-,-,-,-,-,-,-,-,-,-,-,-,-,-,-,-,-,-,-,-,-,-,-,-
99學年,總計,51904,29677,22227,18176,10415,7761,17271,9804,7467,16409,9426,6983,48,32,16,13681,7958,5723,14570,8656,5914,5024,3030,1994,4720,2720,2000,4806,2892,1914,20,14,6,4143,2419,1724,1307,721,586,486,248,238,393,237,156,412,227,185,16,9,7,352,226,126,-,-,-,-,-,-,-,-,-,-,-,-,-,-,-,-,-,-,36027,20300,15727,12666,7137,5529,12158,6847,5311,11191,6307,4884,12,9,3,9186,5313,3873
99學年,臺北市,807,466,341,272,153,119,275,161,114,258,152,106,2,-,2,199,112,87,-,-,-,-,-,-,-,-,-,-,-,-,-,-,-,-,-,-,293,221,72,111,82,29,94,67,27,88,72,16,-,-,-,69,58,11,-,-,-,-,-,-,-,-,-,-,-,-,-,-,-,-,-,-,514,245,269,161,71,90,181,94,87,170,80,90,2,-,2,130,54,76
99學年,高雄市,5679,3077,2602,2003,1070,933,1853,1035,818,1807,963,844,16,9,7,1173,678,495,-,-,-,-,-,-,-,-,-,-,-,-,-,-,-,-,-,-,1014,500,514,375,166,209,299,170,129,324,155,169,16,9,7,283,168,115,-,-,-,-,-,-,-,-,-,-,-,-,-,-,-,-,-,-,4665,2577,2088,1628,904,724,1554,865,689,1483,808,675,-,-,-,890,510,380
99學年,臺北縣,3621,2170,1451,1117,654,463,1267,752,515,1237,764,473,-,-,-,1011,605,406,868,600,268,233,154,79,316,222,94,319,224,95,-,-,-,194,149,45,-,-,-,-,-,-,-,-,-,-,-,-,-,-,-,-,-,-,-,-,-,-,-,-,-,-,-,-,-,-,-,-,-,-,-,-,2753,1570,1183,884,500,384,951,530,421,918,540,378,-,-,-,817,456,361
99學年,宜蘭縣,750,331,419,282,128,154,259,104,155,209,99,110,-,-,-,173,74,99,750,331,419,282,128,154,259,104,155,209,99,110,-,-,-,173,74,99,-,-,-,-,-,-,-,-,-,-,-,-,-,-,-,-,-,-,-,-,-,-,-,-,-,-,-,-,-,-,-,-,-,-,-,-,-,-,-,-,-,-,-,-,-,-,-,-,-,-,-,-,-,-
99學年,桃園縣,4852,2849,2003,1703,1009,694,1659,967,692,1485,869,616,5,4,1,1409,852,557,142,94,48,47,33,14,38,24,14,56,36,20,1,1,-,47,31,16,-,-,-,-,-,-,-,-,-,-,-,-,-,-,-,-,-,-,-,-,-,-,-,-,-,-,-,-,-,-,-,-,-,-,-,-,4710,2755,1955,1656,976,680,1621,943,678,1429,833,596,4,3,1,1362,821,541
99學年,新竹縣,1265,709,556,507,267,240,401,235,166,357,207,150,-,-,-,461,302,159,-,-,-,-,-,-,-,-,-,-,-,-,-,-,-,-,-,-,-,-,-,-,-,-,-,-,-,-,-,-,-,-,-,-,-,-,-,-,-,-,-,-,-,-,-,-,-,-,-,-,-,-,-,-,1265,709,556,507,267,240,401,235,166,357,207,150,-,-,-,461,302,159
99學年,苗栗縣,2014,1228,786,694,405,289,692,432,260,628,391,237,-,-,-,374,230,144,297,217,80,88,58,30,80,59,21,129,100,29,-,-,-,78,55,23,-,-,-,-,-,-,-,-,-,-,-,-,-,-,-,-,-,-,-,-,-,-,-,-,-,-,-,-,-,-,-,-,-,-,-,-,1717,1011,706,606,347,259,612,373,239,499,291,208,-,-,-,296,175,121
99學年,臺中縣,3451,1879,1572,1063,565,498,1135,624,511,1253,690,563,-,-,-,1166,665,501,787,567,220,245,183,62,279,190,89,263,194,69,-,-,-,235,165,70,-,-,-,-,-,-,-,-,-,-,-,-,-,-,-,-,-,-,-,-,-,-,-,-,-,-,-,-,-,-,-,-,-,-,-,-,2664,1312,1352,818,382,436,856,434,422,990,496,494,-,-,-,931,500,431
99學年,彰化縣,3681,2249,1432,1242,794,448,1180,698,482,1254,755,499,5,2,3,1189,703,486,2395,1461,934,789,515,274,770,445,325,831,499,332,5,2,3,838,485,353,-,-,-,-,-,-,-,-,-,-,-,-,-,-,-,-,-,-,-,-,-,-,-,-,-,-,-,-,-,-,-,-,-,-,-,-,1286,788,498,453,279,174,410,253,157,423,256,167,-,-,-,351,218,133
99學年,南投縣,1587,878,709,590,322,268,535,296,239,462,260,202,-,-,-,423,242,181,828,499,329,320,190,130,279,165,114,229,144,85,-,-,-,257,163,94,-,-,-,-,-,-,-,-,-,-,-,-,-,-,-,-,-,-,-,-,-,-,-,-,-,-,-,-,-,-,-,-,-,-,-,-,759,379,380,270,132,138,256,131,125,233,116,117,-,-,-,166,79,87
99學年,雲林縣,2589,1642,947,1030,662,368,880,568,312,679,412,267,-,-,-,589,348,241,706,506,200,232,159,73,208,158,50,266,189,77,-,-,-,222,129,93,-,-,-,-,-,-,-,-,-,-,-,-,-,-,-,-,-,-,-,-,-,-,-,-,-,-,-,-,-,-,-,-,-,-,-,-,1883,1136,747,798,503,295,672,410,262,413,223,190,-,-,-,367,219,148
99學年,嘉義縣,2106,1242,864,776,449,327,688,388,300,642,405,237,-,-,-,492,267,225,146,126,20,66,47,19,37,37,-,43,42,1,-,-,-,-,-,-,-,-,-,-,-,-,-,-,-,-,-,-,-,-,-,-,-,-,-,-,-,-,-,-,-,-,-,-,-,-,-,-,-,-,-,-,1960,1116,844,710,402,308,651,351,300,599,363,236,-,-,-,492,267,225
99學年,臺南縣,4185,2547,1638,1352,790,562,1478,923,555,1352,832,520,3,2,1,1107,695,412,2612,1569,1043,975,572,403,844,515,329,790,480,310,3,2,1,651,412,239,-,-,-,-,-,-,-,-,-,-,-,-,-,-,-,-,-,-,-,-,-,-,-,-,-,-,-,-,-,-,-,-,-,-,-,-,1573,978,595,377,218,159,634,408,226,562,352,210,-,-,-,456,283,173
99學年,高雄縣,4864,2906,1958,1738,1079,659,1613,951,662,1513,876,637,-,-,-,1172,709,463,333,210,123,110,84,26,107,60,47,116,66,50,-,-,-,110,76,34,-,-,-,-,-,-,-,-,-,-,-,-,-,-,-,-,-,-,-,-,-,-,-,-,-,-,-,-,-,-,-,-,-,-,-,-,4531,2696,1835,1628,995,633,1506,891,615,1397,810,587,-,-,-,1062,633,429
99學年,屏東縣,964,485,479,350,181,169,351,150,201,253,146,107,10,8,2,226,130,96,382,192,190,144,76,68,109,38,71,119,70,49,10,8,2,99,53,46,-,-,-,-,-,-,-,-,-,-,-,-,-,-,-,-,-,-,-,-,-,-,-,-,-,-,-,-,-,-,-,-,-,-,-,-,582,293,289,206,105,101,242,112,130,134,76,58,-,-,-,127,77,50
99學年,臺東縣,239,154,85,122,77,45,53,27,26,64,50,14,-,-,-,37,32,5,19,11,8,-,-,-,-,-,-,19,11,8,-,-,-,-,-,-,-,-,-,-,-,-,-,-,-,-,-,-,-,-,-,-,-,-,-,-,-,-,-,-,-,-,-,-,-,-,-,-,-,-,-,-,220,143,77,122,77,45,53,27,26,45,39,6,-,-,-,37,32,5
99學年,花蓮縣,130,72,58,62,41,21,27,10,17,41,21,20,-,-,-,17,12,5,130,72,58,62,41,21,27,10,17,41,21,20,-,-,-,6,4,2,-,-,-,-,-,-,-,-,-,-,-,-,-,-,-,-,-,-,-,-,-,-,-,-,-,-,-,-,-,-,-,-,-,-,-,-,-,-,-,-,-,-,-,-,-,-,-,-,-,-,-,11,8,3
99學年,澎湖縣,82,44,38,42,19,23,21,11,10,19,14,5,-,-,-,11,5,6,82,44,38,42,19,23,21,11,10,19,14,5,-,-,-,11,5,6,-,-,-,-,-,-,-,-,-,-,-,-,-,-,-,-,-,-,-,-,-,-,-,-,-,-,-,-,-,-,-,-,-,-,-,-,-,-,-,-,-,-,-,-,-,-,-,-,-,-,-,-,-,-
99學年,基隆市,649,309,340,297,140,157,211,85,126,141,84,57,-,-,-,108,68,40,222,69,153,77,21,56,77,21,56,68,27,41,-,-,-,75,35,40,-,-,-,-,-,-,-,-,-,-,-,-,-,-,-,-,-,-,-,-,-,-,-,-,-,-,-,-,-,-,-,-,-,-,-,-,427,240,187,220,119,101,134,64,70,73,57,16,-,-,-,33,33,-
99學年,新竹市,1030,503,527,324,150,174,347,175,172,359,178,181,-,-,-,304,134,170,479,203,276,152,62,90,162,71,91,165,70,95,-,-,-,141,51,90,-,-,-,-,-,-,-,-,-,-,-,-,-,-,-,-,-,-,-,-,-,-,-,-,-,-,-,-,-,-,-,-,-,-,-,-,551,300,251,172,88,84,185,104,81,194,108,86,-,-,-,163,83,80
99學年,臺中市,2419,1220,1199,792,419,373,778,381,397,847,418,429,2,2,-,731,329,402,2108,998,1110,681,339,342,690,319,371,737,340,397,-,-,-,647,272,375,-,-,-,-,-,-,-,-,-,-,-,-,-,-,-,-,-,-,-,-,-,-,-,-,-,-,-,-,-,-,-,-,-,-,-,-,311,222,89,111,80,31,88,62,26,110,78,32,2,2,-,84,57,27
99學年,嘉義市,2330,1337,993,868,509,359,718,404,314,743,423,320,1,1,-,638,394,244,941,677,264,323,235,88,307,213,94,310,228,82,1,1,-,287,215,72,-,-,-,-,-,-,-,-,-,-,-,-,-,-,-,-,-,-,-,-,-,-,-,-,-,-,-,-,-,-,-,-,-,-,-,-,1389,660,729,545,274,271,411,191,220,433,195,238,-,-,-,351,179,172
99學年,臺南市,2535,1327,1208,910,493,417,815,413,402,806,417,389,4,4,-,671,372,299,268,157,111,116,75,41,75,44,31,77,38,39,-,-,-,72,45,27,-,-,-,-,-,-,-,-,-,-,-,-,-,-,-,-,-,-,-,-,-,-,-,-,-,-,-,-,-,-,-,-,-,-,-,-,2267,1170,1097,794,418,376,740,369,371,729,379,350,4,4,-,599,327,272
99學年,金門縣,75,53,22,40,39,1,35,14,21,-,-,-,-,-,-,-,-,-,75,53,22,40,39,1,35,14,21,-,-,-,-,-,-,-,-,-,-,-,-,-,-,-,-,-,-,-,-,-,-,-,-,-,-,-,-,-,-,-,-,-,-,-,-,-,-,-,-,-,-,-,-,-,-,-,-,-,-,-,-,-,-,-,-,-,-,-,-,-,-,-
99學年,連江縣,-,-,-,-,-,-,-,-,-,-,-,-,-,-,-,-,-,-,-,-,-,-,-,-,-,-,-,-,-,-,-,-,-,-,-,-,-,-,-,-,-,-,-,-,-,-,-,-,-,-,-,-,-,-,-,-,-,-,-,-,-,-,-,-,-,-,-,-,-,-,-,-,-,-,-,-,-,-,-,-,-,-,-,-,-,-,-,-,-,-
98學年,總計,51166,29803,21363,19339,11234,8105,17373,10079,7294,14244,8324,5920,210,166,44,12171,7163,5008,14769,8848,5921,5256,3102,2154,5036,3075,1961,4356,2569,1787,121,102,19,3939,2394,1545,1400,878,522,504,324,180,491,299,192,398,252,146,7,3,4,359,230,129,-,-,-,-,-,-,-,-,-,-,-,-,-,-,-,-,-,-,34997,20077,14920,13579,7808,5771,11846,6705,5141,9490,5503,3987,82,61,21,7873,4539,3334
98學年,臺北市,822,459,363,311,180,131,277,161,116,221,118,103,13,-,13,234,147,87,-,-,-,-,-,-,-,-,-,-,-,-,-,-,-,-,-,-,300,224,76,118,84,34,97,77,20,81,63,18,4,-,4,75,68,7,-,-,-,-,-,-,-,-,-,-,-,-,-,-,-,-,-,-,522,235,287,193,96,97,180,84,96,140,55,85,9,-,9,159,79,80
98學年,高雄市,5407,3071,2336,2147,1234,913,1997,1097,900,1251,730,521,12,10,2,922,482,440,-,-,-,-,-,-,-,-,-,-,-,-,-,-,-,-,-,-,1100,654,446,386,240,146,394,222,172,317,189,128,3,3,-,284,162,122,-,-,-,-,-,-,-,-,-,-,-,-,-,-,-,-,-,-,4307,2417,1890,1761,994,767,1603,875,728,934,541,393,9,7,2,638,320,318
98學年,臺北縣,3788,2319,1469,1382,832,550,1305,817,488,1084,654,430,17,16,1,1057,658,399,922,663,259,325,225,100,346,246,100,234,176,58,17,16,1,323,252,71,-,-,-,-,-,-,-,-,-,-,-,-,-,-,-,-,-,-,-,-,-,-,-,-,-,-,-,-,-,-,-,-,-,-,-,-,2866,1656,1210,1057,607,450,959,571,388,850,478,372,-,-,-,734,406,328
98學年,宜蘭縣,679,299,380,278,113,165,218,107,111,177,75,102,6,4,2,147,66,81,679,299,380,278,113,165,218,107,111,177,75,102,6,4,2,147,66,81,-,-,-,-,-,-,-,-,-,-,-,-,-,-,-,-,-,-,-,-,-,-,-,-,-,-,-,-,-,-,-,-,-,-,-,-,-,-,-,-,-,-,-,-,-,-,-,-,-,-,-,-,-,-
98學年,桃園縣,4990,2979,2011,1909,1124,785,1579,935,644,1479,902,577,23,18,5,1286,842,444,186,128,58,45,31,14,66,44,22,63,44,19,12,9,3,37,23,14,-,-,-,-,-,-,-,-,-,-,-,-,-,-,-,-,-,-,-,-,-,-,-,-,-,-,-,-,-,-,-,-,-,-,-,-,4804,2851,1953,1864,1093,771,1513,891,622,1416,858,558,11,9,2,1249,819,430
98學年,新竹縣,1248,761,487,413,239,174,372,218,154,463,304,159,-,-,-,400,242,158,-,-,-,-,-,-,-,-,-,-,-,-,-,-,-,-,-,-,-,-,-,-,-,-,-,-,-,-,-,-,-,-,-,-,-,-,-,-,-,-,-,-,-,-,-,-,-,-,-,-,-,-,-,-,1248,761,487,413,239,174,372,218,154,463,304,159,-,-,-,400,242,158
98學年,苗栗縣,1872,1195,677,762,488,274,683,429,254,401,254,147,26,24,2,245,146,99,307,229,78,89,64,25,132,102,30,80,57,23,6,6,-,64,49,15,-,-,-,-,-,-,-,-,-,-,-,-,-,-,-,-,-,-,-,-,-,-,-,-,-,-,-,-,-,-,-,-,-,-,-,-,1565,966,599,673,424,249,551,327,224,321,197,124,20,18,2,181,97,84
98學年,臺中縣,3791,2141,1650,1293,731,562,1323,739,584,1173,670,503,2,1,1,1034,552,482,810,579,231,293,203,90,280,208,72,236,167,69,1,1,-,243,175,68,-,-,-,-,-,-,-,-,-,-,-,-,-,-,-,-,-,-,-,-,-,-,-,-,-,-,-,-,-,-,-,-,-,-,-,-,2981,1562,1419,1000,528,472,1043,531,512,937,503,434,1,-,1,791,377,414
98學年,彰化縣,3844,2327,1517,1319,811,508,1301,788,513,1215,721,494,9,7,2,1085,700,385,2567,1531,1036,844,505,339,852,518,334,862,501,361,9,7,2,808,478,330,-,-,-,-,-,-,-,-,-,-,-,-,-,-,-,-,-,-,-,-,-,-,-,-,-,-,-,-,-,-,-,-,-,-,-,-,1277,796,481,475,306,169,449,270,179,353,220,133,-,-,-,277,222,55
98學年,南投縣,1530,885,645,592,342,250,494,286,208,444,257,187,-,-,-,316,190,126,840,526,314,322,196,126,248,158,90,270,172,98,-,-,-,210,135,75,-,-,-,-,-,-,-,-,-,-,-,-,-,-,-,-,-,-,-,-,-,-,-,-,-,-,-,-,-,-,-,-,-,-,-,-,690,359,331,270,146,124,246,128,118,174,85,89,-,-,-,106,55,51
98學年,雲林縣,2236,1378,858,901,582,319,722,434,288,605,357,248,8,5,3,480,297,183,742,511,231,225,170,55,278,200,78,231,136,95,8,5,3,154,116,38,-,-,-,-,-,-,-,-,-,-,-,-,-,-,-,-,-,-,-,-,-,-,-,-,-,-,-,-,-,-,-,-,-,-,-,-,1494,867,627,676,412,264,444,234,210,374,221,153,-,-,-,326,181,145
98學年,嘉義縣,1894,1122,772,743,434,309,654,418,236,497,270,227,-,-,-,545,338,207,86,84,2,43,42,1,43,42,1,-,-,-,-,-,-,-,-,-,-,-,-,-,-,-,-,-,-,-,-,-,-,-,-,-,-,-,-,-,-,-,-,-,-,-,-,-,-,-,-,-,-,-,-,-,1808,1038,770,700,392,308,611,376,235,497,270,227,-,-,-,545,338,207
98學年,臺南縣,4225,2658,1567,1658,1062,596,1427,880,547,1140,716,424,-,-,-,1032,622,410,2479,1543,936,962,599,363,840,515,325,677,429,248,-,-,-,659,404,255,-,-,-,-,-,-,-,-,-,-,-,-,-,-,-,-,-,-,-,-,-,-,-,-,-,-,-,-,-,-,-,-,-,-,-,-,1746,1115,631,696,463,233,587,365,222,463,287,176,-,-,-,373,218,155
98學年,高雄縣,4613,2729,1884,1812,1071,741,1579,919,660,1220,737,483,2,2,-,1035,624,411,359,224,135,120,72,48,118,67,51,119,83,36,2,2,-,75,59,16,-,-,-,-,-,-,-,-,-,-,-,-,-,-,-,-,-,-,-,-,-,-,-,-,-,-,-,-,-,-,-,-,-,-,-,-,4254,2505,1749,1692,999,693,1461,852,609,1101,654,447,-,-,-,960,565,395
98學年,屏東縣,963,507,456,422,194,228,270,157,113,253,143,110,18,13,5,160,78,82,363,185,178,119,43,76,125,74,51,108,58,50,11,10,1,75,31,44,-,-,-,-,-,-,-,-,-,-,-,-,-,-,-,-,-,-,-,-,-,-,-,-,-,-,-,-,-,-,-,-,-,-,-,-,600,322,278,303,151,152,145,83,62,145,85,60,7,3,4,85,47,38
98學年,臺東縣,217,159,58,88,52,36,74,59,15,40,34,6,15,14,1,56,44,12,21,12,9,-,-,-,21,12,9,-,-,-,-,-,-,-,-,-,-,-,-,-,-,-,-,-,-,-,-,-,-,-,-,-,-,-,-,-,-,-,-,-,-,-,-,-,-,-,-,-,-,-,-,-,196,147,49,88,52,36,53,47,6,40,34,6,15,14,1,56,44,12
98學年,花蓮縣,134,75,59,44,20,24,45,23,22,36,23,13,9,9,-,35,33,2,113,62,51,44,20,24,45,23,22,15,10,5,9,9,-,35,33,2,-,-,-,-,-,-,-,-,-,-,-,-,-,-,-,-,-,-,-,-,-,-,-,-,-,-,-,-,-,-,-,-,-,-,-,-,21,13,8,-,-,-,-,-,-,21,13,8,-,-,-,-,-,-
98學年,澎湖縣,81,51,30,45,26,19,20,15,5,16,10,6,-,-,-,20,7,13,81,51,30,45,26,19,20,15,5,16,10,6,-,-,-,20,7,13,-,-,-,-,-,-,-,-,-,-,-,-,-,-,-,-,-,-,-,-,-,-,-,-,-,-,-,-,-,-,-,-,-,-,-,-,-,-,-,-,-,-,-,-,-,-,-,-,-,-,-,-,-,-
98學年,基隆市,509,276,233,236,108,128,153,91,62,111,68,43,9,9,-,55,32,23,240,90,150,90,27,63,72,28,44,78,35,43,-,-,-,35,12,23,-,-,-,-,-,-,-,-,-,-,-,-,-,-,-,-,-,-,-,-,-,-,-,-,-,-,-,-,-,-,-,-,-,-,-,-,269,186,83,146,81,65,81,63,18,33,33,-,9,9,-,20,20,-
98學年,新竹市,1051,518,533,366,190,176,370,185,185,313,141,172,2,2,-,289,149,140,480,200,280,167,73,94,166,71,95,145,54,91,2,2,-,159,79,80,-,-,-,-,-,-,-,-,-,-,-,-,-,-,-,-,-,-,-,-,-,-,-,-,-,-,-,-,-,-,-,-,-,-,-,-,571,318,253,199,117,82,204,114,90,168,87,81,-,-,-,130,70,60
98學年,臺中市,2574,1296,1278,899,472,427,889,451,438,765,356,409,21,17,4,667,318,349,2270,1082,1188,797,399,398,774,370,404,678,296,382,21,17,4,645,301,344,-,-,-,-,-,-,-,-,-,-,-,-,-,-,-,-,-,-,-,-,-,-,-,-,-,-,-,-,-,-,-,-,-,-,-,-,304,214,90,102,73,29,115,81,34,87,60,27,-,-,-,22,17,5
98學年,嘉義市,2229,1310,919,795,452,343,771,444,327,646,400,246,17,14,3,583,326,257,955,703,252,329,231,98,315,237,78,294,221,73,17,14,3,215,150,65,-,-,-,-,-,-,-,-,-,-,-,-,-,-,-,-,-,-,-,-,-,-,-,-,-,-,-,-,-,-,-,-,-,-,-,-,1274,607,667,466,221,245,456,207,249,352,179,173,-,-,-,368,176,192
98學年,臺南市,2430,1271,1159,885,460,425,850,426,424,694,384,310,1,1,-,488,270,218,230,129,101,80,46,34,77,38,39,73,45,28,-,-,-,35,24,11,-,-,-,-,-,-,-,-,-,-,-,-,-,-,-,-,-,-,-,-,-,-,-,-,-,-,-,-,-,-,-,-,-,-,-,-,2200,1142,1058,805,414,391,773,388,385,621,339,282,1,1,-,453,246,207
98學年,金門縣,39,17,22,39,17,22,-,-,-,-,-,-,-,-,-,-,-,-,39,17,22,39,17,22,-,-,-,-,-,-,-,-,-,-,-,-,-,-,-,-,-,-,-,-,-,-,-,-,-,-,-,-,-,-,-,-,-,-,-,-,-,-,-,-,-,-,-,-,-,-,-,-,-,-,-,-,-,-,-,-,-,-,-,-,-,-,-,-,-,-
98學年,連江縣,-,-,-,-,-,-,-,-,-,-,-,-,-,-,-,-,-,-,-,-,-,-,-,-,-,-,-,-,-,-,-,-,-,-,-,-,-,-,-,-,-,-,-,-,-,-,-,-,-,-,-,-,-,-,-,-,-,-,-,-,-,-,-,-,-,-,-,-,-,-,-,-,-,-,-,-,-,-,-,-,-,-,-,-,-,-,-,-,-,-
97學年,總計,47309,27894,19415,19441,11403,8038,15021,8862,6159,12740,7562,5178,107,67,40,11257,6601,4656,14458,8846,5612,5645,3496,2149,4576,2730,1846,4186,2586,1600,51,34,17,3608,2098,1510,1502,953,549,667,424,243,438,279,159,391,246,145,6,4,2,351,230,121,-,-,-,-,-,-,-,-,-,-,-,-,-,-,-,-,-,-,31349,18095,13254,13129,7483,5646,10007,5853,4154,8163,4730,3433,50,29,21,7298,4273,3025
97學年,臺北市,844,480,364,326,200,126,239,125,114,261,155,106,18,-,18,223,120,103,-,-,-,-,-,-,-,-,-,-,-,-,-,-,-,-,-,-,295,235,60,119,96,23,87,66,21,89,73,16,-,-,-,81,68,13,-,-,-,-,-,-,-,-,-,-,-,-,-,-,-,-,-,-,549,245,304,207,104,103,152,59,93,172,82,90,18,-,18,142,52,90
97學年,高雄市,4725,2660,2065,2357,1314,1043,1391,827,564,963,509,454,14,10,4,945,517,428,-,-,-,-,-,-,-,-,-,-,-,-,-,-,-,-,-,-,1207,718,489,548,328,220,351,213,138,302,173,129,6,4,2,270,162,108,-,-,-,-,-,-,-,-,-,-,-,-,-,-,-,-,-,-,3518,1942,1576,1809,986,823,1040,614,426,661,336,325,8,6,2,675,355,320
97學年,臺北縣,3712,2325,1387,1441,918,523,1145,704,441,1113,700,413,13,3,10,1029,667,362,1002,748,254,383,273,110,251,191,60,355,281,74,13,3,10,306,235,71,-,-,-,-,-,-,-,-,-,-,-,-,-,-,-,-,-,-,-,-,-,-,-,-,-,-,-,-,-,-,-,-,-,-,-,-,2710,1577,1133,1058,645,413,894,513,381,758,419,339,-,-,-,723,432,291
97學年,宜蘭縣,611,281,330,253,122,131,196,81,115,161,77,84,1,1,-,66,35,31,611,281,330,253,122,131,196,81,115,161,77,84,1,1,-,66,35,31,-,-,-,-,-,-,-,-,-,-,-,-,-,-,-,-,-,-,-,-,-,-,-,-,-,-,-,-,-,-,-,-,-,-,-,-,-,-,-,-,-,-,-,-,-,-,-,-,-,-,-,-,-,-
97學年,桃園縣,4689,2909,1780,1786,1064,722,1564,967,597,1339,878,461,-,-,-,1199,777,422,191,133,58,74,52,22,66,47,19,51,34,17,-,-,-,30,6,24,-,-,-,-,-,-,-,-,-,-,-,-,-,-,-,-,-,-,-,-,-,-,-,-,-,-,-,-,-,-,-,-,-,-,-,-,4498,2776,1722,1712,1012,700,1498,920,578,1288,844,444,-,-,-,1169,771,398
97學年,新竹縣,1277,794,483,392,229,163,483,321,162,402,244,158,-,-,-,302,136,166,-,-,-,-,-,-,-,-,-,-,-,-,-,-,-,-,-,-,-,-,-,-,-,-,-,-,-,-,-,-,-,-,-,-,-,-,-,-,-,-,-,-,-,-,-,-,-,-,-,-,-,-,-,-,1277,794,483,392,229,163,483,321,162,402,244,158,-,-,-,302,136,166
97學年,苗栗縣,1414,893,521,695,433,262,427,271,156,286,183,103,6,6,-,284,183,101,291,224,67,134,105,29,82,59,23,69,54,15,6,6,-,63,49,14,-,-,-,-,-,-,-,-,-,-,-,-,-,-,-,-,-,-,-,-,-,-,-,-,-,-,-,-,-,-,-,-,-,-,-,-,1123,669,454,561,328,233,345,212,133,217,129,88,-,-,-,221,134,87
97學年,臺中縣,3804,2139,1665,1509,854,655,1241,715,526,1054,570,484,-,-,-,865,476,389,790,571,219,296,218,78,246,173,73,248,180,68,-,-,-,214,149,65,-,-,-,-,-,-,-,-,-,-,-,-,-,-,-,-,-,-,-,-,-,-,-,-,-,-,-,-,-,-,-,-,-,-,-,-,3014,1568,1446,1213,636,577,995,542,453,806,390,416,-,-,-,651,327,324
97學年,彰化縣,3824,2369,1455,1424,877,547,1266,759,507,1128,727,401,6,6,-,1130,744,386,2688,1616,1072,943,582,361,891,523,368,848,505,343,6,6,-,870,544,326,-,-,-,-,-,-,-,-,-,-,-,-,-,-,-,-,-,-,-,-,-,-,-,-,-,-,-,-,-,-,-,-,-,-,-,-,1136,753,383,481,295,186,375,236,139,280,222,58,-,-,-,260,200,60
97學年,南投縣,1350,784,566,547,311,236,465,273,192,338,200,138,-,-,-,259,113,146,783,500,283,277,174,103,284,186,98,222,140,82,-,-,-,185,90,95,-,-,-,-,-,-,-,-,-,-,-,-,-,-,-,-,-,-,-,-,-,-,-,-,-,-,-,-,-,-,-,-,-,-,-,-,567,284,283,270,137,133,181,87,94,116,60,56,-,-,-,74,23,51
97學年,雲林縣,1883,1138,745,766,458,308,618,367,251,499,313,186,-,-,-,393,224,169,713,481,232,306,211,95,242,145,97,165,125,40,-,-,-,120,75,45,-,-,-,-,-,-,-,-,-,-,-,-,-,-,-,-,-,-,-,-,-,-,-,-,-,-,-,-,-,-,-,-,-,-,-,-,1170,657,513,460,247,213,376,222,154,334,188,146,-,-,-,273,149,124
97學年,嘉義縣,1755,1068,687,705,452,253,494,271,223,556,345,211,-,-,-,455,309,146,44,43,1,44,43,1,-,-,-,-,-,-,-,-,-,-,-,-,-,-,-,-,-,-,-,-,-,-,-,-,-,-,-,-,-,-,-,-,-,-,-,-,-,-,-,-,-,-,-,-,-,-,-,-,1711,1025,686,661,409,252,494,271,223,556,345,211,-,-,-,455,309,146
97學年,臺南縣,3863,2409,1454,1608,1005,603,1191,754,437,1061,648,413,3,2,1,844,514,330,2384,1510,874,966,610,356,729,470,259,686,428,258,3,2,1,471,271,200,-,-,-,-,-,-,-,-,-,-,-,-,-,-,-,-,-,-,-,-,-,-,-,-,-,-,-,-,-,-,-,-,-,-,-,-,1479,899,580,642,395,247,462,284,178,375,220,155,-,-,-,373,243,130
97學年,高雄縣,4175,2476,1699,1784,1033,751,1300,780,520,1081,653,428,10,10,-,961,553,408,327,221,106,130,76,54,119,83,36,77,61,16,1,1,-,-,-,-,-,-,-,-,-,-,-,-,-,-,-,-,-,-,-,-,-,-,-,-,-,-,-,-,-,-,-,-,-,-,-,-,-,-,-,-,3848,2255,1593,1654,957,697,1181,697,484,1004,592,412,9,9,-,961,553,408
97學年,屏東縣,767,425,342,303,172,131,275,157,118,179,89,90,10,7,3,173,108,65,336,184,152,132,80,52,114,61,53,81,36,45,9,7,2,83,44,39,-,-,-,-,-,-,-,-,-,-,-,-,-,-,-,-,-,-,-,-,-,-,-,-,-,-,-,-,-,-,-,-,-,-,-,-,431,241,190,171,92,79,161,96,65,98,53,45,1,-,1,90,64,26
97學年,臺東縣,223,180,43,103,81,22,45,38,7,65,51,14,10,10,-,52,31,21,33,19,14,33,19,14,-,-,-,-,-,-,-,-,-,12,3,9,-,-,-,-,-,-,-,-,-,-,-,-,-,-,-,-,-,-,-,-,-,-,-,-,-,-,-,-,-,-,-,-,-,-,-,-,190,161,29,70,62,8,45,38,7,65,51,14,10,10,-,40,28,12
97學年,花蓮縣,155,111,44,71,42,29,37,24,13,47,45,2,-,-,-,24,20,4,133,97,36,71,42,29,15,10,5,47,45,2,-,-,-,24,20,4,-,-,-,-,-,-,-,-,-,-,-,-,-,-,-,-,-,-,-,-,-,-,-,-,-,-,-,-,-,-,-,-,-,-,-,-,22,14,8,-,-,-,22,14,8,-,-,-,-,-,-,-,-,-
97學年,澎湖縣,81,46,35,40,26,14,20,12,8,21,8,13,-,-,-,23,12,11,81,46,35,40,26,14,20,12,8,21,8,13,-,-,-,23,12,11,-,-,-,-,-,-,-,-,-,-,-,-,-,-,-,-,-,-,-,-,-,-,-,-,-,-,-,-,-,-,-,-,-,-,-,-,-,-,-,-,-,-,-,-,-,-,-,-,-,-,-,-,-,-
97學年,基隆市,360,223,137,176,106,70,113,69,44,67,44,23,4,4,-,62,55,7,200,82,118,85,34,51,79,35,44,36,13,23,-,-,-,32,25,7,-,-,-,-,-,-,-,-,-,-,-,-,-,-,-,-,-,-,-,-,-,-,-,-,-,-,-,-,-,-,-,-,-,-,-,-,160,141,19,91,72,19,34,34,-,31,31,-,4,4,-,30,30,-
97學年,新竹市,998,491,507,373,188,185,331,151,180,293,151,142,1,1,-,220,115,105,481,210,271,163,70,93,156,59,97,161,80,81,1,1,-,125,65,60,-,-,-,-,-,-,-,-,-,-,-,-,-,-,-,-,-,-,-,-,-,-,-,-,-,-,-,-,-,-,-,-,-,-,-,-,517,281,236,210,118,92,175,92,83,132,71,61,-,-,-,95,50,45
97學年,臺中市,2563,1311,1252,1040,568,472,802,386,416,721,357,364,-,-,-,830,387,443,2301,1121,1180,892,460,432,712,323,389,697,338,359,-,-,-,740,304,436,-,-,-,-,-,-,-,-,-,-,-,-,-,-,-,-,-,-,-,-,-,-,-,-,-,-,-,-,-,-,-,-,-,-,-,-,262,190,72,148,108,40,90,63,27,24,19,5,-,-,-,90,83,7
97學年,嘉義市,2104,1246,858,834,493,341,660,409,251,599,337,262,11,7,4,490,280,210,881,650,231,343,259,84,301,227,74,226,157,69,11,7,4,201,139,62,-,-,-,-,-,-,-,-,-,-,-,-,-,-,-,-,-,-,-,-,-,-,-,-,-,-,-,-,-,-,-,-,-,-,-,-,1223,596,627,491,234,257,359,182,177,373,180,193,-,-,-,289,141,148
97學年,臺南市,2132,1136,996,908,457,451,718,401,317,506,278,228,-,-,-,428,225,203,188,109,79,80,40,40,73,45,28,35,24,11,-,-,-,43,32,11,-,-,-,-,-,-,-,-,-,-,-,-,-,-,-,-,-,-,-,-,-,-,-,-,-,-,-,-,-,-,-,-,-,-,-,-,1944,1027,917,828,417,411,645,356,289,471,254,217,-,-,-,385,193,192
97學年,金門縣,-,-,-,-,-,-,-,-,-,-,-,-,-,-,-,-,-,-,-,-,-,-,-,-,-,-,-,-,-,-,-,-,-,-,-,-,-,-,-,-,-,-,-,-,-,-,-,-,-,-,-,-,-,-,-,-,-,-,-,-,-,-,-,-,-,-,-,-,-,-,-,-,-,-,-,-,-,-,-,-,-,-,-,-,-,-,-,-,-,-
97學年,連江縣,-,-,-,-,-,-,-,-,-,-,-,-,-,-,-,-,-,-,-,-,-,-,-,-,-,-,-,-,-,-,-,-,-,-,-,-,-,-,-,-,-,-,-,-,-,-,-,-,-,-,-,-,-,-,-,-,-,-,-,-,-,-,-,-,-,-,-,-,-,-,-,-,-,-,-,-,-,-,-,-,-,-,-,-,-,-,-,-,-,-
""
