學年別,縣市別,總計校數計,總計校數公立,總計校數私立,總計教師數計,總計教師數公立,總計教師數私立,總計職員數計,總計職員數公立,總計職員數私立,總計班級數計,總計班級數公立,總計班級數私立,總計學生數計,總計學生數公立,總計學生數私立,總計上學年畢業生數計,總計上學年畢業生數公立,總計上學年畢業生數私立,偏遠國小校數計,偏遠國小校數公立,偏遠國小校數私立,偏遠國小教師數計,偏遠國小教師數公立,偏遠國小教師數私立,偏遠國小職員數計,偏遠國小職員數公立,偏遠國小職員數私立,偏遠國小班級數計,偏遠國小班級數公立,偏遠國小班級數私立,偏遠國小學生數計,偏遠國小學生數公立,偏遠國小學生數私立,偏遠國小上學年畢業生數計,偏遠國小上學年畢業生數公立,偏遠國小上學年畢業生數私立,偏遠國中校數計,偏遠國中校數公立,偏遠國中校數私立,偏遠國中教師數計,偏遠國中教師數公立,偏遠國中教師數私立,偏遠國中職員數計,偏遠國中職員數公立,偏遠國中職員數私立,偏遠國中班級數計,偏遠國中班級數公立,偏遠國中班級數私立,偏遠國中學生數計,偏遠國中學生數公立,偏遠國中學生數私立,偏遠國中上學年畢業生數計,偏遠國中上學年畢業生數公立,偏遠國中上學年畢業生數私立
106學年,總計,1110,1108,2,18068,17979,89,2987,2971,16,8736,8676,60,128120,126011,2109,34610,33894,716,885,884,1,12714,12693,21,1859,1854,5,6452,6440,12,76175,75932,243,15175,15145,30,225,224,1,5354,5286,68,1128,1117,11,2284,2236,48,51945,50079,1866,19435,18749,686
106學年,新北市,87,87,-,1782,1782,-,280,280,-,880,880,-,14972,14972,-,3779,3779,-,74,74,-,1363,1363,-,200,200,-,662,662,-,10058,10058,-,1944,1944,-,13,13,-,419,419,-,80,80,-,218,218,-,4914,4914,-,1835,1835,-
106學年,臺北市,-,-,-,-,-,-,-,-,-,-,-,-,-,-,-,-,-,-,-,-,-,-,-,-,-,-,-,-,-,-,-,-,-,-,-,-,-,-,-,-,-,-,-,-,-,-,-,-,-,-,-,-,-,-
106學年,桃園市,43,43,-,735,735,-,133,133,-,341,341,-,4888,4888,-,1360,1360,-,36,36,-,440,440,-,87,87,-,227,227,-,2272,2272,-,434,434,-,7,7,-,295,295,-,46,46,-,114,114,-,2616,2616,-,926,926,-
106學年,臺中市,59,59,-,1025,1025,-,167,167,-,492,492,-,7282,7282,-,1478,1478,-,53,53,-,887,887,-,135,135,-,435,435,-,6370,6370,-,1153,1153,-,6,6,-,138,138,-,32,32,-,57,57,-,912,912,-,325,325,-
106學年,臺南市,104,104,-,1349,1349,-,294,294,-,691,691,-,8872,8872,-,2327,2327,-,85,85,-,1060,1060,-,203,203,-,548,548,-,5731,5731,-,1145,1145,-,19,19,-,289,289,-,91,91,-,143,143,-,3141,3141,-,1182,1182,-
106學年,高雄市,63,63,-,926,926,-,191,191,-,409,409,-,5226,5226,-,1542,1542,-,48,48,-,625,625,-,116,116,-,301,301,-,2920,2920,-,640,640,-,15,15,-,301,301,-,75,75,-,108,108,-,2306,2306,-,902,902,-
106學年,宜蘭縣,29,29,-,579,579,-,113,113,-,266,266,-,4350,4350,-,1424,1424,-,17,17,-,241,241,-,37,37,-,125,125,-,1175,1175,-,210,210,-,12,12,-,338,338,-,76,76,-,141,141,-,3175,3175,-,1214,1214,-
106學年,新竹縣,33,32,1,549,528,21,95,90,5,244,232,12,3532,3289,243,1000,970,30,20,19,1,289,268,21,45,40,5,149,137,12,1514,1271,243,227,197,30,13,13,-,260,260,-,50,50,-,95,95,-,2018,2018,-,773,773,-
106學年,苗栗縣,57,57,-,733,733,-,124,124,-,349,349,-,3689,3689,-,1173,1173,-,43,43,-,497,497,-,78,78,-,264,264,-,1883,1883,-,436,436,-,14,14,-,236,236,-,46,46,-,85,85,-,1806,1806,-,737,737,-
106學年,彰化縣,49,49,-,828,828,-,104,104,-,370,370,-,5768,5768,-,1755,1755,-,40,40,-,543,543,-,47,47,-,257,257,-,2824,2824,-,615,615,-,9,9,-,285,285,-,57,57,-,113,113,-,2944,2944,-,1140,1140,-
106學年,南投縣,50,50,-,704,704,-,122,122,-,310,310,-,3844,3844,-,1174,1174,-,32,32,-,389,389,-,45,45,-,204,204,-,1720,1720,-,321,321,-,18,18,-,315,315,-,77,77,-,106,106,-,2124,2124,-,853,853,-
106學年,雲林縣,48,48,-,734,734,-,127,127,-,377,377,-,5976,5976,-,1989,1989,-,34,34,-,395,395,-,50,50,-,204,204,-,1770,1770,-,377,377,-,14,14,-,339,339,-,77,77,-,173,173,-,4206,4206,-,1612,1612,-
106學年,嘉義縣,90,90,-,1289,1289,-,196,196,-,607,607,-,6522,6522,-,1921,1921,-,76,76,-,941,941,-,141,141,-,471,471,-,3647,3647,-,815,815,-,14,14,-,348,348,-,55,55,-,136,136,-,2875,2875,-,1106,1106,-
106學年,屏東縣,137,136,1,2689,2621,68,358,347,11,1413,1365,48,25960,24094,1866,7107,6421,686,115,115,-,1945,1945,-,235,235,-,1036,1036,-,15770,15770,-,3338,3338,-,22,21,1,744,676,68,123,112,11,377,329,48,10190,8324,1866,3769,3083,686
106學年,臺東縣,109,109,-,2133,2133,-,369,369,-,1012,1012,-,16164,16164,-,4083,4083,-,88,88,-,1477,1477,-,236,236,-,753,753,-,10273,10273,-,1975,1975,-,21,21,-,656,656,-,133,133,-,259,259,-,5891,5891,-,2108,2108,-
106學年,花蓮縣,68,68,-,800,800,-,154,154,-,401,401,-,3220,3220,-,735,735,-,60,60,-,687,687,-,122,122,-,360,360,-,2627,2627,-,519,519,-,8,8,-,113,113,-,32,32,-,41,41,-,593,593,-,216,216,-
106學年,澎湖縣,45,45,-,579,579,-,43,43,-,268,268,-,2916,2916,-,730,730,-,33,33,-,444,444,-,13,13,-,219,219,-,2151,2151,-,461,461,-,12,12,-,135,135,-,30,30,-,49,49,-,765,765,-,269,269,-
106學年,基隆市,2,2,-,24,24,-,5,5,-,28,28,-,519,519,-,134,134,-,2,2,-,24,24,-,5,5,-,12,12,-,133,133,-,17,17,-,-,-,-,-,-,-,-,-,-,16,16,-,386,386,-,117,117,-
106學年,新竹市,3,3,-,49,49,-,12,12,-,21,21,-,392,392,-,99,99,-,2,2,-,26,26,-,5,5,-,12,12,-,182,182,-,40,40,-,1,1,-,23,23,-,7,7,-,9,9,-,210,210,-,59,59,-
106學年,嘉義市,4,4,-,137,137,-,14,14,-,66,66,-,1523,1523,-,358,358,-,3,3,-,90,90,-,7,7,-,46,46,-,993,993,-,182,182,-,1,1,-,47,47,-,7,7,-,20,20,-,530,530,-,176,176,-
106學年,金門縣,17,17,-,265,265,-,52,52,-,122,122,-,1804,1804,-,290,290,-,16,16,-,248,248,-,45,45,-,116,116,-,1688,1688,-,262,262,-,1,1,-,17,17,-,7,7,-,6,6,-,116,116,-,28,28,-
106學年,連江縣,13,13,-,159,159,-,34,34,-,69,69,-,701,701,-,152,152,-,8,8,-,103,103,-,7,7,-,51,51,-,474,474,-,64,64,-,5,5,-,56,56,-,27,27,-,18,18,-,227,227,-,88,88,-
105學年,總計,1104,1102,2,17927,17839,88,2936,2922,14,8843,8783,60,133805,131610,2195,37113,36364,749,880,879,1,12480,12461,19,1813,1810,3,6473,6462,11,78512,78249,263,15954,15915,39,224,223,1,5447,5378,69,1123,1112,11,2370,2321,49,55293,53361,1932,21159,20449,710
105學年,新北市,87,87,-,1784,1784,-,292,292,-,903,903,-,15753,15753,-,4112,4112,-,74,74,-,1356,1356,-,207,207,-,673,673,-,10427,10427,-,2072,2072,-,13,13,-,428,428,-,85,85,-,230,230,-,5326,5326,-,2040,2040,-
105學年,臺北市,-,-,-,-,-,-,-,-,-,-,-,-,-,-,-,-,-,-,-,-,-,-,-,-,-,-,-,-,-,-,-,-,-,-,-,-,-,-,-,-,-,-,-,-,-,-,-,-,-,-,-,-,-,-
105學年,桃園市,43,43,-,709,709,-,132,132,-,345,345,-,5047,5047,-,1486,1486,-,36,36,-,416,416,-,86,86,-,228,228,-,2325,2325,-,465,465,-,7,7,-,293,293,-,46,46,-,117,117,-,2722,2722,-,1021,1021,-
105學年,臺中市,59,59,-,1022,1022,-,162,162,-,495,495,-,7419,7419,-,1629,1629,-,53,53,-,882,882,-,130,130,-,438,438,-,6432,6432,-,1230,1230,-,6,6,-,140,140,-,32,32,-,57,57,-,987,987,-,399,399,-
105學年,臺南市,104,104,-,1354,1354,-,285,285,-,698,698,-,9377,9377,-,2626,2626,-,85,85,-,1054,1054,-,195,195,-,547,547,-,5993,5993,-,1256,1256,-,19,19,-,300,300,-,90,90,-,151,151,-,3384,3384,-,1370,1370,-
105學年,高雄市,63,63,-,942,942,-,186,186,-,420,420,-,5656,5656,-,1683,1683,-,48,48,-,635,635,-,112,112,-,306,306,-,3134,3134,-,701,701,-,15,15,-,307,307,-,74,74,-,114,114,-,2522,2522,-,982,982,-
105學年,宜蘭縣,29,29,-,588,588,-,115,115,-,276,276,-,4648,4648,-,1540,1540,-,17,17,-,237,237,-,37,37,-,126,126,-,1193,1193,-,208,208,-,12,12,-,351,351,-,78,78,-,150,150,-,3455,3455,-,1332,1332,-
105學年,新竹縣,33,32,1,530,511,19,99,96,3,251,240,11,3735,3472,263,1100,1061,39,20,19,1,269,250,19,46,43,3,148,137,11,1531,1268,263,282,243,39,13,13,-,261,261,-,53,53,-,103,103,-,2204,2204,-,818,818,-
105學年,苗栗縣,57,57,-,715,715,-,121,121,-,355,355,-,4034,4034,-,1322,1322,-,43,43,-,472,472,-,80,80,-,266,266,-,2034,2034,-,476,476,-,14,14,-,243,243,-,41,41,-,89,89,-,2000,2000,-,846,846,-
105學年,彰化縣,49,49,-,812,812,-,110,110,-,380,380,-,6192,6192,-,1900,1900,-,40,40,-,521,521,-,51,51,-,261,261,-,3009,3009,-,704,704,-,9,9,-,291,291,-,59,59,-,119,119,-,3183,3183,-,1196,1196,-
105學年,南投縣,51,51,-,720,720,-,118,118,-,325,325,-,4187,4187,-,1249,1249,-,33,33,-,398,398,-,45,45,-,211,211,-,1806,1806,-,323,323,-,18,18,-,322,322,-,73,73,-,114,114,-,2381,2381,-,926,926,-
105學年,雲林縣,48,48,-,738,738,-,122,122,-,382,382,-,6389,6389,-,2068,2068,-,34,34,-,376,376,-,46,46,-,202,202,-,1862,1862,-,376,376,-,14,14,-,362,362,-,76,76,-,180,180,-,4527,4527,-,1692,1692,-
105學年,嘉義縣,90,90,-,1291,1291,-,192,192,-,632,632,-,7030,7030,-,2157,2157,-,76,76,-,927,927,-,140,140,-,492,492,-,3938,3938,-,914,914,-,14,14,-,364,364,-,52,52,-,140,140,-,3092,3092,-,1243,1243,-
105學年,屏東縣,130,129,1,2583,2514,69,332,321,11,1382,1333,49,26105,24173,1932,7218,6508,710,109,109,-,1853,1853,-,219,219,-,1005,1005,-,15760,15760,-,3328,3328,-,21,20,1,730,661,69,113,102,11,377,328,49,10345,8413,1932,3890,3180,710
105學年,臺東縣,109,109,-,2156,2156,-,368,368,-,1024,1024,-,16858,16858,-,4261,4261,-,88,88,-,1488,1488,-,225,225,-,756,756,-,10600,10600,-,2008,2008,-,21,21,-,668,668,-,143,143,-,268,268,-,6258,6258,-,2253,2253,-
105學年,花蓮縣,68,68,-,789,789,-,147,147,-,403,403,-,3359,3359,-,809,809,-,60,60,-,676,676,-,118,118,-,360,360,-,2748,2748,-,556,556,-,8,8,-,113,113,-,29,29,-,43,43,-,611,611,-,253,253,-
105學年,澎湖縣,45,45,-,568,568,-,43,43,-,268,268,-,3082,3082,-,795,795,-,33,33,-,437,437,-,12,12,-,219,219,-,2296,2296,-,472,472,-,12,12,-,131,131,-,31,31,-,49,49,-,786,786,-,323,323,-
105學年,基隆市,2,2,-,25,25,-,5,5,-,28,28,-,537,537,-,186,186,-,2,2,-,25,25,-,5,5,-,12,12,-,139,139,-,16,16,-,-,-,-,-,-,-,-,-,-,16,16,-,398,398,-,170,170,-
105學年,新竹市,3,3,-,50,50,-,14,14,-,21,21,-,384,384,-,115,115,-,2,2,-,27,27,-,6,6,-,12,12,-,193,193,-,28,28,-,1,1,-,23,23,-,8,8,-,9,9,-,191,191,-,87,87,-
105學年,嘉義市,4,4,-,132,132,-,13,13,-,66,66,-,1550,1550,-,399,399,-,3,3,-,85,85,-,6,6,-,46,46,-,991,991,-,195,195,-,1,1,-,47,47,-,7,7,-,20,20,-,559,559,-,204,204,-
105學年,金門縣,17,17,-,264,264,-,47,47,-,121,121,-,1759,1759,-,332,332,-,16,16,-,247,247,-,41,41,-,115,115,-,1646,1646,-,288,288,-,1,1,-,17,17,-,6,6,-,6,6,-,113,113,-,44,44,-
105學年,連江縣,13,13,-,155,155,-,33,33,-,68,68,-,704,704,-,126,126,-,8,8,-,99,99,-,6,6,-,50,50,-,455,455,-,56,56,-,5,5,-,56,56,-,27,27,-,18,18,-,249,249,-,70,70,-
104學年,總計,1106,1104,2,18265,18179,86,2917,2902,15,9082,9021,61,142747,140428,2319,38837,38056,781,884,883,1,12638,12619,19,1806,1803,3,6617,6606,11,83018,82768,250,17122,17096,26,222,221,1,5627,5560,67,1111,1099,12,2465,2415,50,59729,57660,2069,21715,20960,755
104學年,新北市,87,87,-,1850,1850,-,283,283,-,928,928,-,16881,16881,-,4344,4344,-,74,74,-,1401,1401,-,204,204,-,687,687,-,10995,10995,-,2278,2278,-,13,13,-,449,449,-,79,79,-,241,241,-,5886,5886,-,2066,2066,-
104學年,臺北市,-,-,-,-,-,-,-,-,-,-,-,-,-,-,-,-,-,-,-,-,-,-,-,-,-,-,-,-,-,-,-,-,-,-,-,-,-,-,-,-,-,-,-,-,-,-,-,-,-,-,-,-,-,-
104學年,桃園市,43,43,-,714,714,-,117,117,-,347,347,-,5347,5347,-,1524,1524,-,36,36,-,425,425,-,74,74,-,230,230,-,2447,2447,-,490,490,-,7,7,-,289,289,-,43,43,-,117,117,-,2900,2900,-,1034,1034,-
104學年,臺中市,59,59,-,1019,1019,-,161,161,-,505,505,-,7761,7761,-,1836,1836,-,53,53,-,881,881,-,128,128,-,448,448,-,6672,6672,-,1385,1385,-,6,6,-,138,138,-,33,33,-,57,57,-,1089,1089,-,451,451,-
104學年,臺南市,104,104,-,1380,1380,-,286,286,-,715,715,-,10146,10146,-,2702,2702,-,85,85,-,1060,1060,-,197,197,-,551,551,-,6390,6390,-,1307,1307,-,19,19,-,320,320,-,89,89,-,164,164,-,3756,3756,-,1395,1395,-
104學年,高雄市,63,63,-,958,958,-,177,177,-,430,430,-,6120,6120,-,1756,1756,-,48,48,-,641,641,-,104,104,-,311,311,-,3416,3416,-,714,714,-,15,15,-,317,317,-,73,73,-,119,119,-,2704,2704,-,1042,1042,-
104學年,宜蘭縣,29,29,-,590,590,-,117,117,-,281,281,-,4951,4951,-,1554,1554,-,17,17,-,229,229,-,36,36,-,125,125,-,1207,1207,-,189,189,-,12,12,-,361,361,-,81,81,-,156,156,-,3744,3744,-,1365,1365,-
104學年,新竹縣,33,32,1,542,523,19,103,100,3,255,244,11,3873,3623,250,1106,1080,26,20,19,1,265,246,19,49,46,3,146,135,11,1531,1281,250,255,229,26,13,13,-,277,277,-,54,54,-,109,109,-,2342,2342,-,851,851,-
104學年,苗栗縣,60,60,-,771,771,-,131,131,-,378,378,-,4544,4544,-,1305,1305,-,46,46,-,508,508,-,86,86,-,281,281,-,2270,2270,-,504,504,-,14,14,-,263,263,-,45,45,-,97,97,-,2274,2274,-,801,801,-
104學年,彰化縣,49,49,-,797,797,-,110,110,-,388,388,-,6641,6641,-,1861,1861,-,40,40,-,495,495,-,51,51,-,263,263,-,3247,3247,-,733,733,-,9,9,-,302,302,-,59,59,-,125,125,-,3394,3394,-,1128,1128,-
104學年,南投縣,51,51,-,748,748,-,115,115,-,342,342,-,4418,4418,-,1265,1265,-,33,33,-,427,427,-,45,45,-,225,225,-,1849,1849,-,349,349,-,18,18,-,321,321,-,70,70,-,117,117,-,2569,2569,-,916,916,-
104學年,雲林縣,45,45,-,716,716,-,124,124,-,371,371,-,6406,6406,-,2073,2073,-,32,32,-,361,361,-,49,49,-,193,193,-,1858,1858,-,382,382,-,13,13,-,355,355,-,75,75,-,178,178,-,4548,4548,-,1691,1691,-
104學年,嘉義縣,89,89,-,1304,1304,-,193,193,-,637,637,-,7795,7795,-,2170,2170,-,76,76,-,934,934,-,140,140,-,498,498,-,4387,4387,-,986,986,-,13,13,-,370,370,-,53,53,-,139,139,-,3408,3408,-,1184,1184,-
104學年,屏東縣,130,129,1,2676,2609,67,325,313,12,1444,1394,50,28066,25997,2069,7717,6962,755,109,109,-,1912,1912,-,215,215,-,1049,1049,-,16927,16927,-,3583,3583,-,21,20,1,764,697,67,110,98,12,395,345,50,11139,9070,2069,4134,3379,755
104學年,臺東縣,109,109,-,2203,2203,-,366,366,-,1058,1058,-,17834,17834,-,4681,4681,-,88,88,-,1511,1511,-,225,225,-,777,777,-,11079,11079,-,2230,2230,-,21,21,-,692,692,-,141,141,-,281,281,-,6755,6755,-,2451,2451,-
104學年,花蓮縣,68,68,-,787,787,-,148,148,-,405,405,-,3565,3565,-,832,832,-,60,60,-,670,670,-,119,119,-,360,360,-,2859,2859,-,583,583,-,8,8,-,117,117,-,29,29,-,45,45,-,706,706,-,249,249,-
104學年,澎湖縣,48,48,-,577,577,-,48,48,-,288,288,-,3294,3294,-,802,802,-,36,36,-,435,435,-,17,17,-,236,236,-,2442,2442,-,500,500,-,12,12,-,142,142,-,31,31,-,52,52,-,852,852,-,302,302,-
104學年,基隆市,2,2,-,26,26,-,5,5,-,30,30,-,585,585,-,201,201,-,2,2,-,26,26,-,5,5,-,12,12,-,117,117,-,23,23,-,-,-,-,-,-,-,-,-,-,18,18,-,468,468,-,178,178,-
104學年,新竹市,3,3,-,52,52,-,14,14,-,22,22,-,409,409,-,128,128,-,2,2,-,26,26,-,6,6,-,12,12,-,190,190,-,28,28,-,1,1,-,26,26,-,8,8,-,10,10,-,219,219,-,100,100,-
104學年,嘉義市,4,4,-,141,141,-,14,14,-,69,69,-,1642,1642,-,426,426,-,3,3,-,91,91,-,7,7,-,48,48,-,1048,1048,-,209,209,-,1,1,-,50,50,-,7,7,-,21,21,-,594,594,-,217,217,-
104學年,金門縣,17,17,-,258,258,-,47,47,-,120,120,-,1767,1767,-,339,339,-,16,16,-,241,241,-,40,40,-,114,114,-,1644,1644,-,294,294,-,1,1,-,17,17,-,7,7,-,6,6,-,123,123,-,45,45,-
104學年,連江縣,13,13,-,156,156,-,33,33,-,69,69,-,702,702,-,215,215,-,8,8,-,99,99,-,9,9,-,51,51,-,443,443,-,100,100,-,5,5,-,57,57,-,24,24,-,18,18,-,259,259,-,115,115,-
103學年,總計,1110,1106,4,18576,18468,108,2907,2880,27,9324,9265,59,151467,149519,1948,38292,37707,585,887,885,2,12811,12783,28,1790,1787,3,6762,6746,16,88134,87821,313,18040,17977,63,223,221,2,5765,5685,80,1117,1093,24,2562,2519,43,63333,61698,1635,20252,19730,522
103學年,新北市,87,87,-,1901,1901,-,283,283,-,956,956,-,18053,18053,-,4363,4363,-,74,74,-,1450,1450,-,203,203,-,709,709,-,11702,11702,-,2386,2386,-,13,13,-,451,451,-,80,80,-,247,247,-,6351,6351,-,1977,1977,-
103學年,臺北市,-,-,-,-,-,-,-,-,-,-,-,-,-,-,-,-,-,-,-,-,-,-,-,-,-,-,-,-,-,-,-,-,-,-,-,-,-,-,-,-,-,-,-,-,-,-,-,-,-,-,-,-,-,-
103學年,臺中市,59,59,-,1036,1036,-,157,157,-,519,519,-,8309,8309,-,1874,1874,-,53,53,-,890,890,-,125,125,-,459,459,-,7085,7085,-,1467,1467,-,6,6,-,146,146,-,32,32,-,60,60,-,1224,1224,-,407,407,-
103學年,臺南市,104,104,-,1380,1380,-,281,281,-,722,722,-,10715,10715,-,2630,2630,-,85,85,-,1058,1058,-,194,194,-,554,554,-,6688,6688,-,1392,1392,-,19,19,-,322,322,-,87,87,-,168,168,-,4027,4027,-,1238,1238,-
103學年,高雄市,63,63,-,997,997,-,166,166,-,444,444,-,6573,6573,-,1667,1667,-,48,48,-,664,664,-,100,100,-,317,317,-,3622,3622,-,763,763,-,15,15,-,333,333,-,66,66,-,127,127,-,2951,2951,-,904,904,-
103學年,宜蘭縣,29,29,-,605,605,-,114,114,-,289,289,-,5176,5176,-,1574,1574,-,17,17,-,228,228,-,34,34,-,125,125,-,1212,1212,-,229,229,-,12,12,-,377,377,-,80,80,-,164,164,-,3964,3964,-,1345,1345,-
103學年,桃園縣,43,43,-,705,705,-,121,121,-,346,346,-,5620,5620,-,1524,1524,-,36,36,-,417,417,-,75,75,-,227,227,-,2572,2572,-,548,548,-,7,7,-,288,288,-,46,46,-,119,119,-,3048,3048,-,976,976,-
103學年,新竹縣,33,32,1,554,535,19,104,101,3,259,248,11,4054,3813,241,1084,1040,44,20,19,1,272,253,19,49,46,3,146,135,11,1553,1312,241,266,222,44,13,13,-,282,282,-,55,55,-,113,113,-,2501,2501,-,818,818,-
103學年,苗栗縣,60,60,-,785,785,-,135,135,-,386,386,-,4903,4903,-,1333,1333,-,46,46,-,515,515,-,86,86,-,284,284,-,2506,2506,-,557,557,-,14,14,-,270,270,-,49,49,-,102,102,-,2397,2397,-,776,776,-
103學年,彰化縣,48,48,-,810,810,-,110,110,-,395,395,-,6918,6918,-,1862,1862,-,39,39,-,500,500,-,50,50,-,265,265,-,3421,3421,-,719,719,-,9,9,-,310,310,-,60,60,-,130,130,-,3497,3497,-,1143,1143,-
103學年,南投縣,51,51,-,742,742,-,116,116,-,350,350,-,4647,4647,-,1216,1216,-,33,33,-,406,406,-,43,43,-,225,225,-,1924,1924,-,341,341,-,18,18,-,336,336,-,73,73,-,125,125,-,2723,2723,-,875,875,-
103學年,雲林縣,46,46,-,745,745,-,120,120,-,388,388,-,6840,6840,-,1897,1897,-,33,33,-,378,378,-,46,46,-,202,202,-,1987,1987,-,389,389,-,13,13,-,367,367,-,74,74,-,186,186,-,4853,4853,-,1508,1508,-
103學年,嘉義縣,89,89,-,1351,1351,-,194,194,-,672,672,-,8405,8405,-,2196,2196,-,76,76,-,974,974,-,141,141,-,529,529,-,4805,4805,-,1081,1081,-,13,13,-,377,377,-,53,53,-,143,143,-,3600,3600,-,1115,1115,-
103學年,屏東縣,130,129,1,2730,2663,67,327,315,12,1479,1446,33,29244,27871,1373,7328,6861,467,109,109,-,1956,1956,-,217,217,-,1088,1088,-,18209,18209,-,3782,3782,-,21,20,1,774,707,67,110,98,12,391,358,33,11035,9662,1373,3546,3079,467
103學年,臺東縣,113,111,2,2247,2225,22,381,369,12,1112,1097,15,19487,19153,334,4905,4831,74,91,90,1,1528,1519,9,232,232,-,797,792,5,11738,11666,72,2407,2388,19,22,21,1,719,706,13,149,137,12,315,305,10,7749,7487,262,2498,2443,55
103學年,花蓮縣,68,68,-,796,796,-,147,147,-,407,407,-,3805,3805,-,868,868,-,60,60,-,675,675,-,121,121,-,361,361,-,3055,3055,-,606,606,-,8,8,-,121,121,-,26,26,-,46,46,-,750,750,-,262,262,-
103學年,澎湖縣,48,48,-,573,573,-,40,40,-,291,291,-,3455,3455,-,816,816,-,36,36,-,432,432,-,9,9,-,239,239,-,2563,2563,-,490,490,-,12,12,-,141,141,-,31,31,-,52,52,-,892,892,-,326,326,-
103學年,基隆市,2,2,-,25,25,-,5,5,-,31,31,-,647,647,-,181,181,-,2,2,-,25,25,-,5,5,-,12,12,-,127,127,-,16,16,-,-,-,-,-,-,-,-,-,-,19,19,-,520,520,-,165,165,-
103學年,新竹市,3,3,-,55,55,-,12,12,-,23,23,-,437,437,-,96,96,-,2,2,-,27,27,-,5,5,-,12,12,-,186,186,-,33,33,-,1,1,-,28,28,-,7,7,-,11,11,-,251,251,-,63,63,-
103學年,嘉義市,4,4,-,139,139,-,14,14,-,68,68,-,1687,1687,-,393,393,-,3,3,-,90,90,-,7,7,-,48,48,-,1075,1075,-,218,218,-,1,1,-,49,49,-,7,7,-,20,20,-,612,612,-,175,175,-
103學年,金門縣,17,17,-,244,244,-,49,49,-,118,118,-,1750,1750,-,303,303,-,16,16,-,227,227,-,42,42,-,112,112,-,1635,1635,-,262,262,-,1,1,-,17,17,-,7,7,-,6,6,-,115,115,-,41,41,-
103學年,連江縣,13,13,-,156,156,-,31,31,-,69,69,-,742,742,-,182,182,-,8,8,-,99,99,-,6,6,-,51,51,-,469,469,-,88,88,-,5,5,-,57,57,-,25,25,-,18,18,-,273,273,-,94,94,-
102學年,總計,1116,1112,4,18428,18314,114,2892,2859,33,9549,9489,60,161082,159219,1863,42786,42146,640,891,889,2,12610,12584,26,1768,1760,8,6869,6853,16,93562,93269,293,19936,19881,55,225,223,2,5818,5730,88,1124,1099,25,2680,2636,44,67520,65950,1570,22850,22265,585
102學年,新北市,88,88,-,1909,1909,-,269,269,-,973,973,-,18807,18807,-,4889,4889,-,74,74,-,1471,1471,-,195,195,-,726,726,-,12408,12408,-,2694,2694,-,14,14,-,438,438,-,74,74,-,247,247,-,6399,6399,-,2195,2195,-
102學年,臺北市,-,-,-,-,-,-,-,-,-,-,-,-,-,-,-,-,-,-,-,-,-,-,-,-,-,-,-,-,-,-,-,-,-,-,-,-,-,-,-,-,-,-,-,-,-,-,-,-,-,-,-,-,-,-
102學年,臺中市,60,60,-,1079,1079,-,159,159,-,614,614,-,11459,11459,-,2844,2844,-,53,53,-,882,882,-,120,120,-,469,469,-,7515,7515,-,1593,1593,-,7,7,-,197,197,-,39,39,-,145,145,-,3944,3944,-,1251,1251,-
102學年,臺南市,104,104,-,1311,1311,-,275,275,-,719,719,-,11044,11044,-,2848,2848,-,85,85,-,993,993,-,190,190,-,556,556,-,7029,7029,-,1525,1525,-,19,19,-,318,318,-,85,85,-,163,163,-,4015,4015,-,1323,1323,-
102學年,高雄市,63,63,-,944,944,-,158,158,-,447,447,-,6840,6840,-,1918,1918,-,48,48,-,612,612,-,97,97,-,320,320,-,3914,3914,-,858,858,-,15,15,-,332,332,-,61,61,-,127,127,-,2926,2926,-,1060,1060,-
102學年,宜蘭縣,29,29,-,593,593,-,119,119,-,289,289,-,5309,5309,-,1606,1606,-,17,17,-,220,220,-,37,37,-,125,125,-,1237,1237,-,215,215,-,12,12,-,373,373,-,82,82,-,164,164,-,4072,4072,-,1391,1391,-
102學年,桃園縣,43,43,-,692,692,-,122,122,-,346,346,-,5807,5807,-,1564,1564,-,36,36,-,411,411,-,77,77,-,229,229,-,2737,2737,-,575,575,-,7,7,-,281,281,-,45,45,-,117,117,-,3070,3070,-,989,989,-
102學年,新竹縣,33,32,1,554,535,19,99,96,3,263,252,11,4088,3851,237,1126,1080,46,20,19,1,273,254,19,46,43,3,150,139,11,1552,1315,237,294,248,46,13,13,-,281,281,-,53,53,-,113,113,-,2536,2536,-,832,832,-
102學年,苗栗縣,62,62,-,781,781,-,143,143,-,400,400,-,5154,5154,-,1332,1332,-,48,48,-,520,520,-,95,95,-,296,296,-,2722,2722,-,586,586,-,14,14,-,261,261,-,48,48,-,104,104,-,2432,2432,-,746,746,-
102學年,彰化縣,48,48,-,796,796,-,112,112,-,396,396,-,7179,7179,-,2012,2012,-,39,39,-,497,497,-,52,52,-,269,269,-,3676,3676,-,814,814,-,9,9,-,299,299,-,60,60,-,127,127,-,3503,3503,-,1198,1198,-
102學年,南投縣,51,51,-,753,753,-,122,122,-,357,357,-,4773,4773,-,1319,1319,-,33,33,-,412,412,-,39,39,-,224,224,-,2014,2014,-,345,345,-,18,18,-,341,341,-,83,83,-,133,133,-,2759,2759,-,974,974,-
102學年,雲林縣,46,46,-,764,764,-,129,129,-,409,409,-,7600,7600,-,2360,2360,-,33,33,-,369,369,-,48,48,-,202,202,-,2084,2084,-,486,486,-,13,13,-,395,395,-,81,81,-,207,207,-,5516,5516,-,1874,1874,-
102學年,嘉義縣,89,89,-,1308,1308,-,191,191,-,672,672,-,8903,8903,-,2344,2344,-,76,76,-,943,943,-,140,140,-,533,533,-,5299,5299,-,1207,1207,-,13,13,-,365,365,-,51,51,-,139,139,-,3604,3604,-,1137,1137,-
102學年,屏東縣,131,130,1,2731,2662,69,317,305,12,1517,1481,36,30666,29269,1397,8041,7511,530,110,110,-,1949,1949,-,210,210,-,1119,1119,-,19436,19436,-,4106,4106,-,21,20,1,782,713,69,107,95,12,398,362,36,11230,9833,1397,3935,3405,530
102學年,臺東縣,113,111,2,2223,2197,26,385,367,18,1129,1116,13,20384,20155,229,5379,5315,64,91,90,1,1491,1484,7,234,229,5,812,807,5,12444,12388,56,2602,2593,9,22,21,1,732,713,19,151,138,13,317,309,8,7940,7767,173,2777,2722,55
102學年,花蓮縣,69,69,-,782,782,-,145,145,-,416,416,-,4046,4046,-,966,966,-,61,61,-,657,657,-,117,117,-,367,367,-,3270,3270,-,698,698,-,8,8,-,125,125,-,28,28,-,49,49,-,776,776,-,268,268,-
102學年,澎湖縣,48,48,-,591,591,-,40,40,-,295,295,-,3646,3646,-,950,950,-,36,36,-,443,443,-,10,10,-,240,240,-,2696,2696,-,606,606,-,12,12,-,148,148,-,30,30,-,55,55,-,950,950,-,344,344,-
102學年,基隆市,2,2,-,23,23,-,5,5,-,32,32,-,685,685,-,182,182,-,2,2,-,23,23,-,5,5,-,12,12,-,121,121,-,23,23,-,-,-,-,-,-,-,-,-,-,20,20,-,564,564,-,159,159,-
102學年,新竹市,3,3,-,50,50,-,14,14,-,23,23,-,456,456,-,137,137,-,2,2,-,23,23,-,6,6,-,12,12,-,193,193,-,38,38,-,1,1,-,27,27,-,8,8,-,11,11,-,263,263,-,99,99,-
102學年,嘉義市,4,4,-,136,136,-,13,13,-,68,68,-,1734,1734,-,421,421,-,3,3,-,90,90,-,6,6,-,48,48,-,1121,1121,-,253,253,-,1,1,-,46,46,-,7,7,-,20,20,-,613,613,-,168,168,-
102學年,金門縣,17,17,-,256,256,-,45,45,-,114,114,-,1735,1735,-,394,394,-,16,16,-,237,237,-,38,38,-,108,108,-,1610,1610,-,346,346,-,1,1,-,19,19,-,7,7,-,6,6,-,125,125,-,48,48,-
102學年,連江縣,13,13,-,152,152,-,30,30,-,70,70,-,767,767,-,154,154,-,8,8,-,94,94,-,6,6,-,52,52,-,484,484,-,72,72,-,5,5,-,58,58,-,24,24,-,18,18,-,283,283,-,82,82,-
101學年,總計,1096,1093,3,17072,17026,46,2673,2660,13,9133,9108,25,155922,155430,492,42483,42318,165,878,876,2,11707,11675,32,1642,1634,8,6615,6599,16,91704,91401,303,19023,18958,65,218,217,1,5365,5351,14,1031,1026,5,2518,2509,9,64218,64029,189,23460,23360,100
101學年,新北市,66,66,-,1117,1117,-,187,187,-,588,588,-,10294,10294,-,2928,2928,-,54,54,-,764,764,-,124,124,-,382,382,-,4968,4968,-,963,963,-,12,12,-,353,353,-,63,63,-,206,206,-,5326,5326,-,1965,1965,-
101學年,臺北市,-,-,-,-,-,-,-,-,-,-,-,-,-,-,-,-,-,-,-,-,-,-,-,-,-,-,-,-,-,-,-,-,-,-,-,-,-,-,-,-,-,-,-,-,-,-,-,-,-,-,-,-,-,-
101學年,臺中市,60,60,-,1028,1028,-,148,148,-,615,615,-,11928,11928,-,3105,3105,-,53,53,-,838,838,-,113,113,-,477,477,-,8072,8072,-,1780,1780,-,7,7,-,190,190,-,35,35,-,138,138,-,3856,3856,-,1325,1325,-
101學年,臺南市,104,104,-,1282,1282,-,264,264,-,718,718,-,11450,11450,-,2991,2991,-,85,85,-,980,980,-,186,186,-,559,559,-,7511,7511,-,1526,1526,-,19,19,-,302,302,-,78,78,-,159,159,-,3939,3939,-,1465,1465,-
101學年,高雄市,63,63,-,932,932,-,152,152,-,455,455,-,7287,7287,-,1967,1967,-,48,48,-,614,614,-,94,94,-,327,327,-,4278,4278,-,892,892,-,15,15,-,318,318,-,58,58,-,128,128,-,3009,3009,-,1075,1075,-
101學年,宜蘭縣,29,29,-,570,570,-,109,109,-,285,285,-,5351,5351,-,1897,1897,-,17,17,-,219,219,-,35,35,-,125,125,-,1243,1243,-,216,216,-,12,12,-,351,351,-,74,74,-,160,160,-,4108,4108,-,1681,1681,-
101學年,桃園縣,44,44,-,676,676,-,116,116,-,345,345,-,6053,6053,-,1608,1608,-,37,37,-,410,410,-,75,75,-,232,232,-,2982,2982,-,627,627,-,7,7,-,266,266,-,41,41,-,113,113,-,3071,3071,-,981,981,-
101學年,新竹縣,31,30,1,466,446,20,89,83,6,240,229,11,3688,3447,241,952,908,44,20,19,1,250,230,20,46,40,6,151,140,11,1590,1349,241,253,209,44,11,11,-,216,216,-,43,43,-,89,89,-,2098,2098,-,699,699,-
101學年,苗栗縣,61,61,-,768,768,-,130,130,-,394,394,-,5269,5269,-,1393,1393,-,48,48,-,529,529,-,88,88,-,299,299,-,2992,2992,-,577,577,-,13,13,-,239,239,-,42,42,-,95,95,-,2277,2277,-,816,816,-
101學年,彰化縣,47,47,-,738,738,-,100,100,-,377,377,-,7079,7079,-,1974,1974,-,38,38,-,453,453,-,40,40,-,256,256,-,3602,3602,-,754,754,-,9,9,-,285,285,-,60,60,-,121,121,-,3477,3477,-,1220,1220,-
101學年,南投縣,55,55,-,729,729,-,118,118,-,365,365,-,4913,4913,-,1409,1409,-,37,37,-,403,403,-,36,36,-,234,234,-,2125,2125,-,372,372,-,18,18,-,326,326,-,82,82,-,131,131,-,2788,2788,-,1037,1037,-
101學年,雲林縣,45,45,-,717,717,-,116,116,-,403,403,-,7761,7761,-,2510,2510,-,33,33,-,359,359,-,46,46,-,203,203,-,2242,2242,-,481,481,-,12,12,-,358,358,-,70,70,-,200,200,-,5519,5519,-,2029,2029,-
101學年,嘉義縣,89,89,-,1276,1276,-,194,194,-,677,677,-,9362,9362,-,2543,2543,-,76,76,-,926,926,-,143,143,-,536,536,-,5867,5867,-,1231,1231,-,13,13,-,350,350,-,51,51,-,141,141,-,3495,3495,-,1312,1312,-
101學年,屏東縣,130,130,-,2640,2640,-,309,309,-,1507,1507,-,30934,30934,-,8300,8300,-,110,110,-,1948,1948,-,216,216,-,1147,1147,-,20883,20883,-,4444,4444,-,20,20,-,692,692,-,93,93,-,360,360,-,10051,10051,-,3856,3856,-
101學年,臺東縣,114,112,2,2176,2150,26,348,341,7,1150,1136,14,21422,21171,251,5758,5637,121,92,91,1,1463,1451,12,209,207,2,832,827,5,13203,13141,62,2819,2798,21,22,21,1,713,699,14,139,134,5,318,309,9,8219,8030,189,2939,2839,100
101學年,花蓮縣,71,71,-,788,788,-,150,150,-,424,424,-,4309,4309,-,1030,1030,-,63,63,-,663,663,-,124,124,-,374,374,-,3533,3533,-,723,723,-,8,8,-,125,125,-,26,26,-,50,50,-,776,776,-,307,307,-
101學年,澎湖縣,48,48,-,580,580,-,42,42,-,303,303,-,3909,3909,-,986,986,-,36,36,-,441,441,-,12,12,-,247,247,-,2940,2940,-,630,630,-,12,12,-,139,139,-,30,30,-,56,56,-,969,969,-,356,356,-
101學年,基隆市,2,2,-,23,23,-,5,5,-,12,12,-,115,115,-,22,22,-,2,2,-,23,23,-,5,5,-,12,12,-,115,115,-,22,22,-,-,-,-,-,-,-,-,-,-,-,-,-,-,-,-,-,-,-
101學年,新竹市,3,3,-,51,51,-,13,13,-,23,23,-,465,465,-,152,152,-,2,2,-,24,24,-,5,5,-,12,12,-,196,196,-,35,35,-,1,1,-,27,27,-,8,8,-,11,11,-,269,269,-,117,117,-
101學年,嘉義市,4,4,-,130,130,-,13,13,-,69,69,-,1762,1762,-,401,401,-,3,3,-,88,88,-,6,6,-,51,51,-,1209,1209,-,267,267,-,1,1,-,42,42,-,7,7,-,18,18,-,553,553,-,134,134,-
101學年,金門縣,17,17,-,236,236,-,41,41,-,113,113,-,1812,1812,-,340,340,-,16,16,-,217,217,-,34,34,-,107,107,-,1682,1682,-,298,298,-,1,1,-,19,19,-,7,7,-,6,6,-,130,130,-,42,42,-
101學年,連江縣,13,13,-,149,149,-,29,29,-,70,70,-,759,759,-,217,217,-,8,8,-,95,95,-,5,5,-,52,52,-,471,471,-,113,113,-,5,5,-,54,54,-,24,24,-,18,18,-,288,288,-,104,104,-
100學年,總計,1100,1097,3,17142,17096,46,2638,2624,14,9215,9189,26,164579,164027,552,41833,41727,106,880,878,2,11883,11851,32,1600,1592,8,6694,6677,17,98010,97701,309,17869,17797,72,220,219,1,5259,5245,14,1038,1032,6,2521,2512,9,66569,66326,243,23964,23930,34
100學年,新北市,67,67,-,1170,1170,-,184,184,-,592,592,-,10737,10737,-,2844,2844,-,54,54,-,782,782,-,117,117,-,389,389,-,5284,5284,-,840,840,-,13,13,-,388,388,-,67,67,-,203,203,-,5453,5453,-,2004,2004,-
100學年,臺北市,-,-,-,-,-,-,-,-,-,-,-,-,-,-,-,-,-,-,-,-,-,-,-,-,-,-,-,-,-,-,-,-,-,-,-,-,-,-,-,-,-,-,-,-,-,-,-,-,-,-,-,-,-,-
100學年,臺中市,60,60,-,1035,1035,-,136,136,-,619,619,-,12555,12555,-,2906,2906,-,53,53,-,846,846,-,105,105,-,484,484,-,8662,8662,-,1598,1598,-,7,7,-,189,189,-,31,31,-,135,135,-,3893,3893,-,1308,1308,-
100學年,臺南市,104,104,-,1263,1263,-,249,249,-,713,713,-,12044,12044,-,2948,2948,-,85,85,-,984,984,-,176,176,-,558,558,-,8027,8027,-,1493,1493,-,19,19,-,279,279,-,73,73,-,155,155,-,4017,4017,-,1455,1455,-
100學年,高雄市,63,63,-,919,919,-,151,151,-,457,457,-,7673,7673,-,1903,1903,-,48,48,-,613,613,-,93,93,-,329,329,-,4623,4623,-,796,796,-,15,15,-,306,306,-,58,58,-,128,128,-,3050,3050,-,1107,1107,-
100學年,宜蘭縣,29,29,-,570,570,-,112,112,-,289,289,-,5706,5706,-,1831,1831,-,17,17,-,222,222,-,37,37,-,125,125,-,1276,1276,-,212,212,-,12,12,-,348,348,-,75,75,-,164,164,-,4430,4430,-,1619,1619,-
100學年,桃園縣,44,44,-,665,665,-,117,117,-,337,337,-,6223,6223,-,1751,1751,-,37,37,-,418,418,-,75,75,-,231,231,-,3214,3214,-,676,676,-,7,7,-,247,247,-,42,42,-,106,106,-,3009,3009,-,1075,1075,-
100學年,新竹縣,32,31,1,459,438,21,82,76,6,244,232,12,3690,3449,241,984,947,37,21,20,1,258,237,21,43,37,6,159,147,12,1614,1373,241,255,218,37,11,11,-,201,201,-,39,39,-,85,85,-,2076,2076,-,729,729,-
100學年,苗栗縣,61,61,-,750,750,-,128,128,-,390,390,-,5448,5448,-,1377,1377,-,48,48,-,523,523,-,89,89,-,297,297,-,3131,3131,-,540,540,-,13,13,-,227,227,-,39,39,-,93,93,-,2317,2317,-,837,837,-
100學年,彰化縣,47,47,-,734,734,-,93,93,-,378,378,-,7450,7450,-,1952,1952,-,38,38,-,459,459,-,32,32,-,259,259,-,3872,3872,-,740,740,-,9,9,-,275,275,-,61,61,-,119,119,-,3578,3578,-,1212,1212,-
100學年,南投縣,54,54,-,721,721,-,111,111,-,361,361,-,5065,5065,-,1499,1499,-,36,36,-,412,412,-,29,29,-,231,231,-,2161,2161,-,363,363,-,18,18,-,309,309,-,82,82,-,130,130,-,2904,2904,-,1136,1136,-
100學年,雲林縣,45,45,-,706,706,-,112,112,-,403,403,-,8016,8016,-,2364,2364,-,33,33,-,355,355,-,46,46,-,203,203,-,2362,2362,-,419,419,-,12,12,-,351,351,-,66,66,-,200,200,-,5654,5654,-,1945,1945,-
100學年,嘉義縣,90,90,-,1278,1278,-,210,210,-,680,680,-,9947,9947,-,2500,2500,-,77,77,-,938,938,-,153,153,-,538,538,-,6353,6353,-,1178,1178,-,13,13,-,340,340,-,57,57,-,142,142,-,3594,3594,-,1322,1322,-
100學年,屏東縣,130,130,-,2666,2666,-,319,319,-,1555,1555,-,33085,33085,-,8052,8052,-,110,110,-,1987,1987,-,219,219,-,1188,1188,-,22542,22542,-,4136,4136,-,20,20,-,679,679,-,100,100,-,367,367,-,10543,10543,-,3916,3916,-
100學年,臺東縣,114,112,2,2179,2154,25,341,333,8,1153,1139,14,22617,22306,311,5691,5622,69,92,91,1,1492,1481,11,203,201,2,838,833,5,14099,14031,68,2655,2620,35,22,21,1,687,673,14,138,132,6,315,306,9,8518,8275,243,3036,3002,34
100學年,花蓮縣,71,71,-,809,809,-,144,144,-,427,427,-,4609,4609,-,1070,1070,-,63,63,-,688,688,-,119,119,-,376,376,-,3795,3795,-,729,729,-,8,8,-,121,121,-,25,25,-,51,51,-,814,814,-,341,341,-
100學年,澎湖縣,49,49,-,596,596,-,38,38,-,315,315,-,4192,4192,-,890,890,-,37,37,-,459,459,-,8,8,-,256,256,-,3166,3166,-,596,596,-,12,12,-,137,137,-,30,30,-,59,59,-,1026,1026,-,294,294,-
100學年,基隆市,3,3,-,70,70,-,13,13,-,31,31,-,650,650,-,289,289,-,2,2,-,24,24,-,4,4,-,12,12,-,120,120,-,24,24,-,1,1,-,46,46,-,9,9,-,19,19,-,530,530,-,265,265,-
100學年,新竹市,3,3,-,50,50,-,14,14,-,23,23,-,499,499,-,139,139,-,2,2,-,24,24,-,6,6,-,12,12,-,216,216,-,31,31,-,1,1,-,26,26,-,8,8,-,11,11,-,283,283,-,108,108,-
100學年,嘉義市,4,4,-,123,123,-,14,14,-,67,67,-,1776,1776,-,344,344,-,3,3,-,88,88,-,7,7,-,52,52,-,1301,1301,-,233,233,-,1,1,-,35,35,-,7,7,-,15,15,-,475,475,-,111,111,-
100學年,金門縣,17,17,-,229,229,-,41,41,-,111,111,-,1836,1836,-,312,312,-,16,16,-,213,213,-,34,34,-,105,105,-,1704,1704,-,266,266,-,1,1,-,16,16,-,7,7,-,6,6,-,132,132,-,46,46,-
100學年,連江縣,13,13,-,150,150,-,29,29,-,70,70,-,761,761,-,187,187,-,8,8,-,98,98,-,5,5,-,52,52,-,488,488,-,89,89,-,5,5,-,52,52,-,24,24,-,18,18,-,273,273,-,98,98,-
99學年,總計,1016,1013,3,15403,15360,43,2374,2358,16,8159,8136,23,146071,145557,514,37569,37469,100,803,801,2,10496,10464,32,1386,1375,11,5808,5793,15,82392,82082,310,15532,15468,64,213,212,1,4907,4896,11,988,983,5,2351,2343,8,63679,63475,204,22037,22001,36
99學年,臺北市,-,-,-,-,-,-,-,-,-,-,-,-,-,-,-,-,-,-,-,-,-,-,-,-,-,-,-,-,-,-,-,-,-,-,-,-,-,-,-,-,-,-,-,-,-,-,-,-,-,-,-,-,-,-
99學年,高雄市,-,-,-,-,-,-,-,-,-,-,-,-,-,-,-,-,-,-,-,-,-,-,-,-,-,-,-,-,-,-,-,-,-,-,-,-,-,-,-,-,-,-,-,-,-,-,-,-,-,-,-,-,-,-
99學年,臺北縣,67,67,-,1216,1216,-,182,182,-,593,593,-,11236,11236,-,2938,2938,-,54,54,-,810,810,-,115,115,-,390,390,-,5397,5397,-,895,895,-,13,13,-,406,406,-,67,67,-,203,203,-,5839,5839,-,2043,2043,-
99學年,宜蘭縣,29,29,-,575,575,-,112,112,-,289,289,-,5994,5994,-,1906,1906,-,17,17,-,227,227,-,35,35,-,123,123,-,1310,1310,-,238,238,-,12,12,-,348,348,-,77,77,-,166,166,-,4684,4684,-,1668,1668,-
99學年,桃園縣,44,44,-,673,673,-,117,117,-,338,338,-,6545,6545,-,1711,1711,-,37,37,-,428,428,-,73,73,-,234,234,-,3483,3483,-,682,682,-,7,7,-,245,245,-,44,44,-,104,104,-,3062,3062,-,1029,1029,-
99學年,新竹縣,33,32,1,483,461,22,93,87,6,251,240,11,3858,3614,244,1009,969,40,22,21,1,287,265,22,48,42,6,166,155,11,1791,1547,244,272,232,40,11,11,-,196,196,-,45,45,-,85,85,-,2067,2067,-,737,737,-
99學年,苗栗縣,61,61,-,746,746,-,106,106,-,390,390,-,5634,5634,-,1474,1474,-,48,48,-,520,520,-,65,65,-,297,297,-,3251,3251,-,604,604,-,13,13,-,226,226,-,41,41,-,93,93,-,2383,2383,-,870,870,-
99學年,臺中縣,54,54,-,828,828,-,120,120,-,443,443,-,8001,8001,-,1822,1822,-,47,47,-,640,640,-,89,89,-,361,361,-,5879,5879,-,1116,1116,-,7,7,-,188,188,-,31,31,-,82,82,-,2122,2122,-,706,706,-
99學年,彰化縣,46,46,-,707,707,-,71,71,-,362,362,-,7352,7352,-,1859,1859,-,37,37,-,436,436,-,12,12,-,243,243,-,3734,3734,-,666,666,-,9,9,-,271,271,-,59,59,-,119,119,-,3618,3618,-,1193,1193,-
99學年,南投縣,54,54,-,737,737,-,98,98,-,370,370,-,5363,5363,-,1552,1552,-,36,36,-,422,422,-,19,19,-,237,237,-,2222,2222,-,417,417,-,18,18,-,315,315,-,79,79,-,133,133,-,3141,3141,-,1135,1135,-
99學年,雲林縣,43,43,-,676,676,-,105,105,-,381,381,-,7875,7875,-,2307,2307,-,32,32,-,353,353,-,44,44,-,196,196,-,2370,2370,-,454,454,-,11,11,-,323,323,-,61,61,-,185,185,-,5505,5505,-,1853,1853,-
99學年,嘉義縣,92,92,-,1295,1295,-,208,208,-,691,691,-,10533,10533,-,2585,2585,-,79,79,-,958,958,-,150,150,-,548,548,-,6739,6739,-,1300,1300,-,13,13,-,337,337,-,58,58,-,143,143,-,3794,3794,-,1285,1285,-
99學年,臺南縣,96,96,-,1163,1163,-,232,232,-,615,615,-,10114,10114,-,2345,2345,-,77,77,-,886,886,-,158,158,-,494,494,-,7068,7068,-,1340,1340,-,19,19,-,277,277,-,74,74,-,121,121,-,3046,3046,-,1005,1005,-
99學年,高雄縣,63,63,-,879,879,-,151,151,-,461,461,-,8054,8054,-,2110,2110,-,48,48,-,589,589,-,95,95,-,330,330,-,4825,4825,-,963,963,-,15,15,-,290,290,-,56,56,-,131,131,-,3229,3229,-,1147,1147,-
99學年,屏東縣,45,45,-,809,809,-,108,108,-,478,478,-,9175,9175,-,2646,2646,-,32,32,-,474,474,-,60,60,-,279,279,-,3623,3623,-,657,657,-,13,13,-,335,335,-,48,48,-,199,199,-,5552,5552,-,1989,1989,-
99學年,臺東縣,114,112,2,2252,2231,21,338,328,10,1173,1161,12,23840,23570,270,5981,5921,60,92,91,1,1542,1532,10,201,196,5,853,849,4,14875,14809,66,2893,2869,24,22,21,1,710,699,11,137,132,5,320,312,8,8965,8761,204,3088,3052,36
99學年,花蓮縣,71,71,-,825,825,-,146,146,-,428,428,-,4971,4971,-,1133,1133,-,63,63,-,703,703,-,122,122,-,377,377,-,4056,4056,-,774,774,-,8,8,-,122,122,-,24,24,-,51,51,-,915,915,-,359,359,-
99學年,澎湖縣,49,49,-,598,598,-,38,38,-,312,312,-,4310,4310,-,974,974,-,37,37,-,465,465,-,7,7,-,258,258,-,3321,3321,-,634,634,-,12,12,-,133,133,-,31,31,-,54,54,-,989,989,-,340,340,-
99學年,基隆市,4,4,-,84,84,-,17,17,-,36,36,-,773,773,-,262,262,-,2,2,-,23,23,-,4,4,-,12,12,-,131,131,-,24,24,-,2,2,-,61,61,-,13,13,-,24,24,-,642,642,-,238,238,-
99學年,新竹市,3,3,-,51,51,-,12,12,-,24,24,-,524,524,-,173,173,-,2,2,-,24,24,-,6,6,-,12,12,-,205,205,-,46,46,-,1,1,-,27,27,-,6,6,-,12,12,-,319,319,-,127,127,-
99學年,臺中市,6,6,-,202,202,-,16,16,-,176,176,-,4989,4989,-,1157,1157,-,6,6,-,202,202,-,16,16,-,125,125,-,3192,3192,-,608,608,-,-,-,-,-,-,-,-,-,-,51,51,-,1797,1797,-,549,549,-
99學年,嘉義市,4,4,-,123,123,-,13,13,-,65,65,-,1748,1748,-,429,429,-,3,3,-,94,94,-,7,7,-,53,53,-,1351,1351,-,335,335,-,1,1,-,29,29,-,6,6,-,12,12,-,397,397,-,94,94,-
99學年,臺南市,8,8,-,120,120,-,19,19,-,105,105,-,2536,2536,-,688,688,-,8,8,-,120,120,-,19,19,-,66,66,-,1341,1341,-,253,253,-,-,-,-,-,-,-,-,-,-,39,39,-,1195,1195,-,435,435,-
99學年,金門縣,17,17,-,214,214,-,41,41,-,109,109,-,1845,1845,-,325,325,-,16,16,-,197,197,-,34,34,-,103,103,-,1707,1707,-,277,277,-,1,1,-,17,17,-,7,7,-,6,6,-,138,138,-,48,48,-
99學年,連江縣,13,13,-,147,147,-,31,31,-,69,69,-,801,801,-,183,183,-,8,8,-,96,96,-,7,7,-,51,51,-,521,521,-,84,84,-,5,5,-,51,51,-,24,24,-,18,18,-,280,280,-,99,99,-
98學年,總計,997,994,3,15199,15149,50,2304,2283,21,8009,7989,20,146700,146195,505,37433,37359,74,785,783,2,10379,10343,36,1323,1310,13,5726,5712,14,83958,83651,307,16124,16091,33,212,211,1,4820,4806,14,981,973,8,2283,2277,6,62742,62544,198,21309,21268,41
98學年,臺北市,-,-,-,-,-,-,-,-,-,-,-,-,-,-,-,-,-,-,-,-,-,-,-,-,-,-,-,-,-,-,-,-,-,-,-,-,-,-,-,-,-,-,-,-,-,-,-,-,-,-,-,-,-,-
98學年,高雄市,-,-,-,-,-,-,-,-,-,-,-,-,-,-,-,-,-,-,-,-,-,-,-,-,-,-,-,-,-,-,-,-,-,-,-,-,-,-,-,-,-,-,-,-,-,-,-,-,-,-,-,-,-,-
98學年,臺北縣,67,67,-,1181,1181,-,171,171,-,595,595,-,11423,11423,-,3135,3135,-,54,54,-,776,776,-,110,110,-,386,386,-,5403,5403,-,955,955,-,13,13,-,405,405,-,61,61,-,209,209,-,6020,6020,-,2180,2180,-
98學年,宜蘭縣,29,29,-,570,570,-,112,112,-,297,297,-,6290,6290,-,1891,1891,-,17,17,-,222,222,-,35,35,-,124,124,-,1344,1344,-,281,281,-,12,12,-,348,348,-,77,77,-,173,173,-,4946,4946,-,1610,1610,-
98學年,桃園縣,44,44,-,689,689,-,118,118,-,339,339,-,6849,6849,-,1719,1719,-,37,37,-,448,448,-,73,73,-,238,238,-,3773,3773,-,723,723,-,7,7,-,241,241,-,45,45,-,101,101,-,3076,3076,-,996,996,-
98學年,新竹縣,33,32,1,486,464,22,88,83,5,249,237,12,3872,3623,249,1003,970,33,22,21,1,289,267,22,43,38,5,164,152,12,1753,1504,249,278,245,33,11,11,-,197,197,-,45,45,-,85,85,-,2119,2119,-,725,725,-
98學年,苗栗縣,61,61,-,740,740,-,93,93,-,390,390,-,5938,5938,-,1570,1570,-,48,48,-,523,523,-,52,52,-,297,297,-,3435,3435,-,642,642,-,13,13,-,217,217,-,41,41,-,93,93,-,2503,2503,-,928,928,-
98學年,臺中縣,53,53,-,831,831,-,123,123,-,447,447,-,8361,8361,-,2017,2017,-,47,47,-,644,644,-,94,94,-,366,366,-,6179,6179,-,1255,1255,-,6,6,-,187,187,-,29,29,-,81,81,-,2182,2182,-,762,762,-
98學年,彰化縣,46,46,-,711,711,-,70,70,-,366,366,-,7467,7467,-,1923,1923,-,37,37,-,437,437,-,9,9,-,245,245,-,3848,3848,-,741,741,-,9,9,-,274,274,-,61,61,-,121,121,-,3619,3619,-,1182,1182,-
98學年,南投縣,48,48,-,676,676,-,90,90,-,331,331,-,4956,4956,-,1407,1407,-,30,30,-,359,359,-,12,12,-,195,195,-,1677,1677,-,299,299,-,18,18,-,317,317,-,78,78,-,136,136,-,3279,3279,-,1108,1108,-
98學年,雲林縣,44,44,-,641,641,-,107,107,-,364,364,-,7264,7264,-,2116,2116,-,33,33,-,371,371,-,49,49,-,203,203,-,2568,2568,-,488,488,-,11,11,-,270,270,-,58,58,-,161,161,-,4696,4696,-,1628,1628,-
98學年,嘉義縣,92,92,-,1310,1310,-,204,204,-,700,700,-,11057,11057,-,2662,2662,-,79,79,-,974,974,-,154,154,-,554,554,-,7111,7111,-,1321,1321,-,13,13,-,336,336,-,50,50,-,146,146,-,3946,3946,-,1341,1341,-
98學年,臺南縣,84,84,-,1015,1015,-,196,196,-,535,535,-,8997,8997,-,2251,2251,-,65,65,-,741,741,-,128,128,-,415,415,-,5912,5912,-,1148,1148,-,19,19,-,274,274,-,68,68,-,120,120,-,3085,3085,-,1103,1103,-
98學年,高雄縣,63,63,-,879,879,-,149,149,-,458,458,-,8327,8327,-,2126,2126,-,48,48,-,596,596,-,96,96,-,330,330,-,5046,5046,-,1019,1019,-,15,15,-,283,283,-,53,53,-,128,128,-,3281,3281,-,1107,1107,-
98學年,屏東縣,44,44,-,801,801,-,98,98,-,478,478,-,9446,9446,-,2570,2570,-,31,31,-,473,473,-,50,50,-,279,279,-,3643,3643,-,668,668,-,13,13,-,328,328,-,48,48,-,199,199,-,5803,5803,-,1902,1902,-
98學年,臺東縣,114,112,2,2271,2243,28,341,325,16,1172,1164,8,24853,24597,256,6081,6040,41,92,91,1,1582,1568,14,198,190,8,859,857,2,15686,15628,58,3056,3056,-,22,21,1,689,675,14,143,135,8,313,307,6,9167,8969,198,3025,2984,41
98學年,花蓮縣,71,71,-,840,840,-,158,158,-,432,432,-,5269,5269,-,1175,1175,-,63,63,-,706,706,-,121,121,-,381,381,-,4283,4283,-,815,815,-,8,8,-,134,134,-,37,37,-,51,51,-,986,986,-,360,360,-
98學年,澎湖縣,49,49,-,609,609,-,40,40,-,316,316,-,4456,4456,-,1015,1015,-,37,37,-,475,475,-,8,8,-,262,262,-,3474,3474,-,666,666,-,12,12,-,134,134,-,32,32,-,54,54,-,982,982,-,349,349,-
98學年,基隆市,4,4,-,88,88,-,18,18,-,37,37,-,836,836,-,276,276,-,2,2,-,25,25,-,5,5,-,12,12,-,145,145,-,26,26,-,2,2,-,63,63,-,13,13,-,25,25,-,691,691,-,250,250,-
98學年,新竹市,3,3,-,52,52,-,12,12,-,24,24,-,568,568,-,174,174,-,2,2,-,22,22,-,6,6,-,12,12,-,222,222,-,52,52,-,1,1,-,30,30,-,6,6,-,12,12,-,346,346,-,122,122,-
98學年,臺中市,6,6,-,202,202,-,17,17,-,127,127,-,3349,3349,-,698,698,-,6,6,-,202,202,-,17,17,-,127,127,-,3349,3349,-,698,698,-,-,-,-,-,-,-,-,-,-,-,-,-,-,-,-,-,-,-
98學年,嘉義市,4,4,-,128,128,-,11,11,-,67,67,-,1801,1801,-,415,415,-,3,3,-,101,101,-,4,4,-,56,56,-,1494,1494,-,294,294,-,1,1,-,27,27,-,7,7,-,11,11,-,307,307,-,121,121,-
98學年,臺南市,8,8,-,118,118,-,17,17,-,107,107,-,2666,2666,-,680,680,-,8,8,-,118,118,-,17,17,-,67,67,-,1386,1386,-,312,312,-,-,-,-,-,-,-,-,-,-,40,40,-,1280,1280,-,368,368,-
98學年,金門縣,17,17,-,212,212,-,41,41,-,108,108,-,1824,1824,-,327,327,-,16,16,-,195,195,-,34,34,-,102,102,-,1689,1689,-,283,283,-,1,1,-,17,17,-,7,7,-,6,6,-,135,135,-,44,44,-
98學年,連江縣,13,13,-,149,149,-,30,30,-,70,70,-,831,831,-,202,202,-,8,8,-,100,100,-,8,8,-,52,52,-,538,538,-,104,104,-,5,5,-,49,49,-,22,22,-,18,18,-,293,293,-,98,98,-
97學年,總計,931,930,1,13581,13561,20,2024,2019,5,7243,7231,12,131498,131255,243,33693,33648,45,728,727,1,9176,9156,20,1123,1118,5,5146,5134,12,73908,73665,243,13910,13865,45,203,203,-,4405,4405,-,901,901,-,2097,2097,-,57590,57590,-,19783,19783,-
97學年,臺北市,-,-,-,-,-,-,-,-,-,-,-,-,-,-,-,-,-,-,-,-,-,-,-,-,-,-,-,-,-,-,-,-,-,-,-,-,-,-,-,-,-,-,-,-,-,-,-,-,-,-,-,-,-,-
97學年,高雄市,-,-,-,-,-,-,-,-,-,-,-,-,-,-,-,-,-,-,-,-,-,-,-,-,-,-,-,-,-,-,-,-,-,-,-,-,-,-,-,-,-,-,-,-,-,-,-,-,-,-,-,-,-,-
97學年,臺北縣,67,67,-,1152,1152,-,164,164,-,599,599,-,11555,11555,-,3249,3249,-,54,54,-,744,744,-,105,105,-,386,386,-,5349,5349,-,975,975,-,13,13,-,408,408,-,59,59,-,213,213,-,6206,6206,-,2274,2274,-
97學年,宜蘭縣,29,29,-,567,567,-,111,111,-,292,292,-,6263,6263,-,1908,1908,-,17,17,-,222,222,-,34,34,-,125,125,-,1410,1410,-,227,227,-,12,12,-,345,345,-,77,77,-,167,167,-,4853,4853,-,1681,1681,-
97學年,桃園縣,45,45,-,678,678,-,121,121,-,348,348,-,7178,7178,-,1780,1780,-,37,37,-,428,428,-,77,77,-,241,241,-,3956,3956,-,782,782,-,8,8,-,250,250,-,44,44,-,107,107,-,3222,3222,-,998,998,-
97學年,新竹縣,33,32,1,480,460,20,80,75,5,252,240,12,3854,3611,243,1083,1038,45,22,21,1,285,265,20,37,32,5,166,154,12,1699,1456,243,306,261,45,11,11,-,195,195,-,43,43,-,86,86,-,2155,2155,-,777,777,-
97學年,苗栗縣,60,60,-,747,747,-,63,63,-,393,393,-,6181,6181,-,1612,1612,-,47,47,-,523,523,-,22,22,-,297,297,-,3543,3543,-,652,652,-,13,13,-,224,224,-,41,41,-,96,96,-,2638,2638,-,960,960,-
97學年,臺中縣,52,52,-,811,811,-,115,115,-,439,439,-,8489,8489,-,1955,1955,-,46,46,-,623,623,-,88,88,-,356,356,-,6324,6324,-,1204,1204,-,6,6,-,188,188,-,27,27,-,83,83,-,2165,2165,-,751,751,-
97學年,彰化縣,46,46,-,708,708,-,67,67,-,365,365,-,7604,7604,-,2072,2072,-,37,37,-,437,437,-,5,5,-,245,245,-,4045,4045,-,797,797,-,9,9,-,271,271,-,62,62,-,120,120,-,3559,3559,-,1275,1275,-
97學年,南投縣,49,49,-,700,700,-,93,93,-,340,340,-,5056,5056,-,1483,1483,-,31,31,-,379,379,-,16,16,-,202,202,-,1710,1710,-,338,338,-,18,18,-,321,321,-,77,77,-,138,138,-,3346,3346,-,1145,1145,-
97學年,雲林縣,44,44,-,625,625,-,93,93,-,361,361,-,7261,7261,-,1922,1922,-,33,33,-,363,363,-,35,35,-,204,204,-,2665,2665,-,469,469,-,11,11,-,262,262,-,58,58,-,157,157,-,4596,4596,-,1453,1453,-
97學年,嘉義縣,65,65,-,905,905,-,151,151,-,483,483,-,7479,7479,-,1883,1883,-,55,55,-,657,657,-,105,105,-,373,373,-,4429,4429,-,772,772,-,10,10,-,248,248,-,46,46,-,110,110,-,3050,3050,-,1111,1111,-
97學年,臺南縣,84,84,-,1012,1012,-,203,203,-,533,533,-,9244,9244,-,2330,2330,-,65,65,-,737,737,-,130,130,-,413,413,-,6123,6123,-,1246,1246,-,19,19,-,275,275,-,73,73,-,120,120,-,3121,3121,-,1084,1084,-
97學年,高雄縣,63,63,-,876,876,-,137,137,-,457,457,-,8905,8905,-,2210,2210,-,48,48,-,590,590,-,85,85,-,329,329,-,5539,5539,-,999,999,-,15,15,-,286,286,-,52,52,-,128,128,-,3366,3366,-,1211,1211,-
97學年,屏東縣,44,44,-,801,801,-,95,95,-,480,480,-,9523,9523,-,2576,2576,-,31,31,-,473,473,-,45,45,-,283,283,-,3769,3769,-,707,707,-,13,13,-,328,328,-,50,50,-,197,197,-,5754,5754,-,1869,1869,-
97學年,臺東縣,74,74,-,1066,1066,-,186,186,-,559,559,-,9087,9087,-,2155,2155,-,60,60,-,804,804,-,116,116,-,446,446,-,6070,6070,-,1148,1148,-,14,14,-,262,262,-,70,70,-,113,113,-,3017,3017,-,1007,1007,-
97學年,花蓮縣,71,71,-,829,829,-,157,157,-,432,432,-,5436,5436,-,1289,1289,-,63,63,-,698,698,-,128,128,-,381,381,-,4418,4418,-,914,914,-,8,8,-,131,131,-,29,29,-,51,51,-,1018,1018,-,375,375,-
97學年,澎湖縣,49,49,-,592,592,-,38,38,-,317,317,-,4631,4631,-,987,987,-,37,37,-,461,461,-,6,6,-,262,262,-,3670,3670,-,618,618,-,12,12,-,131,131,-,32,32,-,55,55,-,961,961,-,369,369,-
97學年,基隆市,4,4,-,87,87,-,18,18,-,37,37,-,910,910,-,266,266,-,2,2,-,25,25,-,5,5,-,12,12,-,156,156,-,26,26,-,2,2,-,62,62,-,13,13,-,25,25,-,754,754,-,240,240,-
97學年,新竹市,3,3,-,50,50,-,11,11,-,25,25,-,609,609,-,154,154,-,2,2,-,23,23,-,5,5,-,13,13,-,247,247,-,46,46,-,1,1,-,27,27,-,6,6,-,12,12,-,362,362,-,108,108,-
97學年,臺中市,7,7,-,310,310,-,24,24,-,177,177,-,5038,5038,-,1125,1125,-,6,6,-,207,207,-,16,16,-,131,131,-,3534,3534,-,696,696,-,1,1,-,103,103,-,8,8,-,46,46,-,1504,1504,-,429,429,-
97學年,嘉義市,4,4,-,118,118,-,11,11,-,68,68,-,1909,1909,-,427,427,-,3,3,-,96,96,-,5,5,-,58,58,-,1608,1608,-,315,315,-,1,1,-,22,22,-,6,6,-,10,10,-,301,301,-,112,112,-
97學年,臺南市,8,8,-,122,122,-,16,16,-,106,106,-,2676,2676,-,714,714,-,8,8,-,122,122,-,16,16,-,68,68,-,1464,1464,-,303,303,-,-,-,-,-,-,-,-,-,-,38,38,-,1212,1212,-,411,411,-
97學年,金門縣,17,17,-,200,200,-,40,40,-,109,109,-,1783,1783,-,323,323,-,16,16,-,183,183,-,34,34,-,103,103,-,1647,1647,-,273,273,-,1,1,-,17,17,-,6,6,-,6,6,-,136,136,-,50,50,-
97學年,連江縣,13,13,-,145,145,-,30,30,-,71,71,-,827,827,-,190,190,-,8,8,-,96,96,-,8,8,-,52,52,-,533,533,-,97,97,-,5,5,-,49,49,-,22,22,-,19,19,-,294,294,-,93,93,-
""
